SNO,Xdata,Ydata,Zdata
13833,19,-46,23
13834,0,-28,29
13835,5,9,2
13836,5,9,2
13837,17,-16,-40
13838,17,-16,-40
13839,-32,22,15
13840,26,6,-12
13841,26,6,-12
13842,25,54,-1
13843,-28,30,-16
13844,-28,30,-16
13845,-9,44,19
13846,-9,44,19
13847,-9,-28,58
13848,-15,11,33
13849,-15,11,33
13850,22,-35,54
13851,-24,-41,6
13852,-24,-41,6
13853,-16,-35,29
13854,-16,-35,29
13855,27,34,-3
13856,5,-13,3
13857,5,-13,3
13858,10,19,-11
13859,-7,-16,10
13860,-7,-16,10
13861,-20,11,-9
13862,-20,11,-9
13863,-24,-8,-20
13864,-30,57,-17
13865,-30,57,-17
13866,-22,-16,21
13867,-7,49,4
13868,-7,49,4
13869,-2,-16,-19
13870,-2,-16,-19
13871,32,14,-30
13872,-20,-12,-20
13873,-20,-12,-20
13874,3,-14,-1
13875,-4,-73,-23
13876,-4,-73,-23
13877,16,-32,-72
13878,16,-32,-72
13879,12,-41,2
13880,-39,-1,-20
13881,-39,-1,-20
13882,-12,-43,-20
13883,-10,-21,-40
13884,-10,-21,-40
13885,-34,-13,-20
13886,-34,-13,-20
13887,15,42,11
13888,-28,1,-20
13889,-28,1,-20
13890,-33,22,11
13891,-18,9,56
13892,-18,9,56
13893,-3,40,25
13894,-3,40,25
13895,14,10,3
13896,-5,49,-8
13897,-5,49,-8
13898,4,5,1
13899,-29,-13,-6
13900,-29,-13,-6
13901,11,-21,6
13902,11,-21,6
13903,36,-23,-1
13904,34,20,-8
13905,34,20,-8
13906,-13,-28,-21
13907,-1,-1,28
13908,-1,-1,28
13909,9,-19,47
13910,9,-19,47
13911,21,-9,-1
13912,2,11,-16
13913,2,11,-16
13914,-10,9,30
13915,-10,9,30
13916,13,42,66
13917,26,35,-6
13918,26,35,-6
13919,26,1,24
13920,-7,-6,34
13921,-7,-6,34
13922,-2,-28,33
13923,-2,-28,33
13924,5,-25,24
13925,-18,2,-17
13926,-18,2,-17
13927,50,-13,10
13928,28,15,-47
13929,28,15,-47
13930,19,-11,-57
13931,19,-11,-57
13932,-16,0,13
13933,-5,1,8
13934,-5,1,8
13935,-4,0,8
13936,-9,8,-25
13937,-9,8,-25
13938,1,40,1
13939,1,40,1
13940,5,-12,-1
13941,0,16,-30
13942,0,16,-30
13943,5,-35,22
13944,0,11,-29
13945,0,11,-29
13946,-24,-19,-34
13947,-24,-19,-34
13948,1,16,-33
13949,-37,-18,12
13950,-37,-18,12
13951,6,25,-25
13952,-22,-7,15
13953,-22,-7,15
13954,-10,-6,16
13955,-10,-6,16
13956,6,-44,-25
13957,-13,37,13
13958,-13,37,13
13959,-8,0,-56
13960,38,32,-37
13961,38,32,-37
13962,-12,22,-4
13963,-12,22,-4
13964,-29,25,45
13965,-5,7,-1
13966,-5,7,-1
13967,30,24,-14
13968,1,12,-17
13969,1,12,-17
13970,-20,2,-48
13971,-20,2,-48
13972,2,16,-64
13973,15,3,-32
13974,15,3,-32
13975,-1,-3,27
13976,9,-29,-24
13977,9,-29,-24
13978,-26,-46,15
13979,-26,-46,15
13980,-21,9,-29
13981,4,-23,-42
13982,4,-23,-42
13983,-9,10,20
13984,20,10,22
13985,20,10,22
13986,-18,35,-19
13987,-18,35,-19
13988,1,12,-4
13989,34,-12,-40
13990,34,-12,-40
13991,8,1,16
13992,17,-18,39
13993,17,-18,39
13994,-1,-29,33
13995,-1,-29,33
13996,8,2,51
13997,-5,11,-5
13998,-5,11,-5
13999,7,-5,-10
14000,7,-5,-10
14001,5,48,34
14002,-20,41,-42
14003,-20,41,-42
14004,-4,-3,-24
14005,1,40,2
14006,1,40,2
14007,0,-9,-10
14008,0,-9,-10
14009,11,-4,6
14010,7,-13,24
14011,7,-13,24
14012,4,-11,-12
14013,39,-10,-10
14014,39,-10,-10
14015,-3,-10,1
14016,-3,-10,1
14017,8,-15,50
14018,9,-5,-8
14019,9,-5,-8
14020,-40,-11,31
14021,10,27,-34
14022,10,27,-34
14023,-4,-12,-17
14024,-4,-12,-17
14025,20,46,-11
14026,-5,-13,-40
14027,-5,-13,-40
14028,5,2,-5
14029,23,7,27
14030,23,7,27
14031,-21,26,-21
14032,-21,26,-21
14033,-15,-28,46
14034,34,32,28
14035,34,32,28
14036,16,-48,-1
14037,7,13,-28
14038,7,13,-28
14039,-18,-53,9
14040,-18,-53,9
14041,-15,25,16
14042,-26,-14,48
14043,-26,-14,48
14044,-7,27,-11
14045,29,-18,35
14046,29,-18,35
14047,11,30,-20
14048,11,30,-20
14049,-15,-21,-35
14050,-11,49,3
14051,-11,49,3
14052,-21,-18,3
14053,0,56,-5
14054,0,56,-5
14055,-11,-9,5
14056,-11,-9,5
14057,44,39,33
14058,40,-13,57
14059,40,-13,57
14060,-7,24,-5
14061,-5,-34,36
14062,-5,-34,36
14063,4,33,3
14064,4,33,3
14065,11,-43,40
14066,29,38,6
14067,29,38,6
14068,-2,1,-15
14069,-10,5,47
14070,-10,5,47
14071,-37,3,31
14072,-37,3,31
14073,15,52,-3
14074,-20,5,-33
14075,-20,5,-33
14076,-45,3,-24
14077,42,-32,46
14078,42,-32,46
14079,37,47,56
14080,37,47,56
14081,-6,-91,-44
14082,18,7,5
14083,18,7,5
14084,9,-30,-8
14085,9,-30,-8
14086,44,58,-21
14087,5,5,43
14088,5,5,43
14089,-31,45,42
14090,-10,13,25
14091,-10,13,25
14092,-45,-8,-17
14093,-45,-8,-17
14094,12,8,30
14095,18,-10,-8
14096,18,-10,-8
14097,13,18,-17
14098,15,-12,32
14099,15,-12,32
14100,4,-20,9
14101,4,-20,9
14102,12,-24,-19
14103,1,-4,-8
14104,1,-4,-8
14105,-10,-13,0
14106,2,9,15
14107,2,9,15
14108,-9,-24,-30
14109,-9,-24,-30
14110,-6,37,15
14111,8,-33,41
14112,8,-33,41
14113,-24,-10,12
14114,10,9,-6
14115,10,9,-6
14116,10,33,21
14117,10,33,21
14118,-13,-36,11
14119,-17,4,60
14120,-17,4,60
14121,-17,19,-4
14122,30,15,-13
14123,30,15,-13
14124,-4,-12,10
14125,-4,-12,10
14126,-18,13,28
14127,-13,-23,13
14128,-13,-23,13
14129,25,15,-11
14130,22,-9,-19
14131,22,-9,-19
14132,-28,8,17
14133,-28,8,17
14134,7,0,-32
14135,41,8,-4
14136,41,8,-4
14137,1,42,-4
14138,-43,29,-78
14139,-43,29,-78
14140,-40,7,5
14141,-40,7,5
14142,-48,-5,-29
14143,21,-1,9
14144,21,-1,9
14145,26,89,7
14146,25,-26,-12
14147,25,-26,-12
14148,-34,-13,-17
14149,-34,-13,-17
14150,-12,-56,9
14151,-8,32,38
14152,-8,32,38
14153,-24,-38,16
14154,2,57,-42
14155,2,57,-42
14156,-32,-7,22
14157,-32,-7,22
14158,-28,7,10
14159,-11,-3,26
14160,-11,-3,26
14161,18,54,-10
14162,4,-1,17
14163,4,-1,17
14164,0,3,4
14165,0,3,4
14166,-12,-31,-1
14167,0,-12,12
14168,0,-12,12
14169,-19,-9,-17
14170,-2,-41,-10
14171,-2,-41,-10
14172,-9,-16,2
14173,-9,-16,2
14174,-18,-34,-24
14175,12,-9,7
14176,12,-9,7
14177,9,0,32
14178,9,0,32
14179,-24,46,55
14180,-12,9,-5
14181,-12,9,-5
14182,-13,28,-25
14183,-35,-7,13
14184,-35,-7,13
14185,-1,20,-21
14186,-1,20,-21
14187,30,-17,-3
14188,-12,10,14
14189,-12,10,14
14190,7,-10,-70
14191,17,-32,-5
14192,17,-32,-5
14193,-21,-29,-7
14194,-21,-29,-7
14195,-44,-34,-29
14196,-1,2,41
14197,-1,2,41
14198,6,-19,-24
14199,23,-32,12
14200,23,-32,12
14201,14,1,-21
14202,14,1,-21
14203,-25,-19,-67
14204,8,-3,-30
14205,8,-3,-30
14206,9,20,-1
14207,-4,-19,35
14208,-4,-19,35
14209,22,19,-13
14210,22,19,-13
14211,24,8,-55
14212,-6,12,1
14213,-6,12,1
14214,-14,-3,24
14215,-10,1,0
14216,-10,1,0
14217,-2,-22,12
14218,-2,-22,12
14219,-25,-3,12
14220,9,1,-27
14221,9,1,-27
14222,3,-40,-7
14223,43,20,-11
14224,43,20,-11
14225,17,12,-40
14226,17,12,-40
14227,-5,11,-21
14228,-29,-28,-7
14229,-29,-28,-7
14230,-23,22,4
14231,-50,-13,-24
14232,-50,-13,-24
14233,-11,15,-28
14234,-11,15,-28
14235,19,-32,11
14236,-18,21,21
14237,-18,21,21
14238,22,33,20
14239,-15,-19,-43
14240,-15,-19,-43
14241,23,20,58
14242,23,20,58
14243,6,-8,-5
14244,-3,-9,-40
14245,-3,-9,-40
14246,33,-5,3
14247,-4,-23,-24
14248,-4,-23,-24
14249,4,13,-12
14250,4,13,-12
14251,7,-4,23
14252,-14,45,4
14253,-14,45,4
14254,-12,12,10
14255,-11,15,8
14256,-11,15,8
14257,-10,-30,11
14258,-10,-30,11
14259,-23,-5,1
14260,2,-18,-9
14261,2,-18,-9
14262,16,0,5
14263,16,0,5
14264,8,-18,16
14265,18,-33,-20
14266,18,-33,-20
14267,-14,-21,25
14268,-3,-24,17
14269,-3,-24,17
14270,35,-6,30
14271,35,-6,30
14272,-1,-9,-4
14273,21,-1,3
14274,21,-1,3
14275,-35,7,38
14276,-24,10,28
14277,-24,10,28
14278,2,-4,14
14279,2,-4,14
14280,-16,-10,-10
14281,18,-12,4
14282,18,-12,4
14283,15,22,-10
14284,-24,12,-8
14285,-24,12,-8
14286,27,38,19
14287,27,38,19
14288,1,13,-9
14289,21,7,-1
14290,21,7,-1
14291,-3,19,28
14292,-3,-13,34
14293,-3,-13,34
14294,4,10,43
14295,4,10,43
14296,-11,-4,-38
14297,-3,-40,9
14298,-3,-40,9
14299,14,45,-24
14300,-22,-27,-10
14301,-22,-27,-10
14302,-7,18,34
14303,-7,18,34
14304,8,-26,-4
14305,-5,24,47
14306,-5,24,47
14307,-6,-10,-8
14308,-11,6,14
14309,-11,6,14
14310,5,-4,18
14311,5,-4,18
14312,-20,0,-68
14313,14,-3,43
14314,14,-3,43
14315,26,7,-1
14316,-24,-33,-19
14317,-24,-33,-19
14318,-6,-4,-4
14319,-6,-4,-4
14320,27,-80,16
14321,-11,-13,6
14322,-11,-13,6
14323,2,-10,-10
14324,-7,37,27
14325,-7,37,27
14326,-6,26,67
14327,-6,26,67
14328,12,21,29
14329,14,-16,-34
14330,14,-16,-34
14331,-4,12,21
14332,13,6,10
14333,13,6,10
14334,-14,-1,8
14335,-14,-1,8
14336,-26,-10,-46
14337,-17,-9,3
14338,-17,-9,3
14339,-6,16,4
14340,7,-9,-17
14341,7,-9,-17
14342,21,-4,-35
14343,21,-4,-35
14344,-27,17,30
14345,9,11,41
14346,9,11,41
14347,9,21,37
14348,9,21,37
14349,5,68,-21
14350,-23,12,-1
14351,-23,12,-1
14352,3,20,13
14353,-26,-33,-21
14354,-26,-33,-21
14355,-29,56,11
14356,-29,56,11
14357,-51,-38,15
14358,-11,19,30
14359,-11,19,30
14360,-5,-52,69
14361,12,35,-28
14362,12,35,-28
14363,14,-22,-8
14364,14,-22,-8
14365,-22,61,26
14366,-6,-30,12
14367,-6,-30,12
14368,20,45,-15
14369,-16,-17,11
14370,-16,-17,11
14371,5,48,15
14372,5,48,15
14373,-6,0,27
14374,38,-3,24
14375,38,-3,24
14376,12,-44,1
14377,-21,-10,-22
14378,-21,-10,-22
14379,-23,-34,26
14380,-23,-34,26
14381,-9,18,-15
14382,-2,-7,0
14383,-2,-7,0
14384,25,33,3
14385,-42,9,-17
14386,-42,9,-17
14387,-28,51,5
14388,-28,51,5
14389,-25,22,-8
14390,-39,-34,15
14391,-39,-34,15
14392,10,-8,-7
14393,45,-19,-23
14394,45,-19,-23
14395,2,-42,-50
14396,2,-42,-50
14397,38,-20,27
14398,32,-40,14
14399,32,-40,14
14400,24,11,57
14401,-4,-30,34
14402,-4,-30,34
14403,-1,12,-1
14404,-1,12,-1
14405,-1,-8,-17
14406,-27,-2,-3
14407,-27,-2,-3
14408,-46,-11,-25
14409,-26,-22,36
14410,-26,-22,36
14411,-13,-9,11
14412,-13,-9,11
14413,-23,2,-9
14414,-30,8,-29
14415,-30,8,-29
14416,-21,6,-4
14417,-45,17,23
14418,-45,17,23
14419,-8,-51,37
14420,-8,-51,37
14421,11,15,-28
14422,-12,-27,-60
14423,-12,-27,-60
14424,5,10,-28
14425,-19,-35,-8
14426,-19,-35,-8
14427,-10,8,-5
14428,-10,8,-5
14429,-3,4,54
14430,7,49,39
14431,7,49,39
14432,-38,-12,32
14433,-38,-12,32
14434,-38,-12,32
14435,-12,-45,29
14436,-12,-45,29
14437,16,19,12
14438,52,-13,-26
14439,52,-13,-26
14440,31,16,-8
14441,31,16,-8
14442,-16,8,22
14443,5,19,-27
14444,5,19,-27
14445,17,-17,16
14446,-18,-17,-23
14447,-18,-17,-23
14448,-9,-27,48
14449,-9,-27,48
14450,-7,35,16
14451,15,-4,-5
14452,15,-4,-5
14453,-2,14,32
14454,-10,-24,-22
14455,-10,-24,-22
14456,5,29,2
14457,5,29,2
14458,-2,13,-21
14459,-38,-9,-4
14460,-38,-9,-4
14461,-15,25,37
14462,-13,-24,11
14463,-13,-24,11
14464,-32,26,32
14465,-32,26,32
14466,-39,-1,21
14467,-31,-22,6
14468,-31,-22,6
14469,21,-4,22
14470,-10,-41,42
14471,-10,-41,42
14472,4,-6,8
14473,4,-6,8
14474,20,-36,-22
14475,17,0,45
14476,17,0,45
14477,30,-30,12
14478,-14,23,-22
14479,-14,23,-22
14480,-16,-17,-6
14481,-16,-17,-6
14482,6,39,1
14483,-27,-39,-30
14484,-27,-39,-30
14485,-27,20,-24
14486,7,-47,-20
14487,7,-47,-20
14488,-2,16,-15
14489,-2,16,-15
14490,11,8,15
14491,-19,1,-18
14492,-19,1,-18
14493,-27,6,5
14494,26,5,-31
14495,26,5,-31
14496,27,-32,3
14497,27,-32,3
14498,24,14,16
14499,24,-5,20
14500,24,-5,20
14501,9,3,-9
14502,13,-25,-27
14503,13,-25,-27
14504,8,10,13
14505,8,10,13
14506,0,-22,33
14507,5,-16,-9
14508,5,-16,-9
14509,-12,-33,-21
14510,-13,-14,-10
14511,-13,-14,-10
14512,-9,-9,-29
14513,-9,-9,-29
14514,6,2,-7
14515,3,3,-2
14516,3,3,-2
14517,1,-19,-10
14518,31,27,-1
14519,31,27,-1
14520,13,-13,-16
14521,13,-13,-16
14522,23,-36,28
14523,24,-36,14
14524,24,-36,14
14525,-4,11,-16
14526,-4,11,-16
14527,-17,32,2
14528,-4,-3,41
14529,-4,-3,41
14530,2,6,-3
14531,-16,-9,-16
14532,-16,-9,-16
14533,0,11,4
14534,0,11,4
14535,17,-21,-8
14536,-3,-23,-10
14537,-3,-23,-10
14538,0,-32,-19
14539,-3,18,-28
14540,-3,18,-28
14541,-20,10,-37
14542,-20,10,-37
14543,21,10,-66
14544,1,2,-12
14545,1,2,-12
14546,-5,-13,13
14547,-21,1,0
14548,-21,1,0
14549,23,-11,-12
14550,23,-11,-12
14551,-11,50,3
14552,-11,22,33
14553,-11,22,33
14554,23,-10,9
14555,27,35,-46
14556,27,35,-46
14557,-35,-14,-31
14558,-35,-14,-31
14559,35,47,-22
14560,10,17,25
14561,10,17,25
14562,27,-6,47
14563,-4,24,0
14564,-4,24,0
14565,-21,8,-30
14566,-21,8,-30
14567,-28,-29,2
14568,-30,2,58
14569,-30,2,58
14570,8,-17,11
14571,18,14,9
14572,18,14,9
14573,9,-4,15
14574,9,-4,15
14575,10,25,-48
14576,-26,-13,-23
14577,-26,-13,-23
14578,-10,-29,6
14579,12,16,8
14580,12,16,8
14581,11,-20,7
14582,11,-20,7
14583,10,-5,-40
14584,-28,-24,-54
14585,-28,-24,-54
14586,-50,-32,16
14587,9,3,14
14588,9,3,14
14589,25,5,-34
14590,25,5,-34
14591,38,-12,-26
14592,-6,-26,32
14593,-6,-26,32
14594,-1,-6,-5
14595,-8,9,-37
14596,-8,9,-37
14597,-4,25,-12
14598,-4,25,-12
14599,-18,2,19
14600,13,-3,2
14601,13,-3,2
14602,34,-1,-35
14603,9,15,-13
14604,9,15,-13
14605,-4,28,-12
14606,-4,28,-12
14607,3,44,-24
14608,0,-30,-31
14609,0,-30,-31
14610,-1,10,60
14611,-1,10,60
14612,-19,-18,8
14613,2,25,-25
14614,2,25,-25
14615,6,-13,49
14616,1,3,8
14617,1,3,8
14618,-14,-54,-7
14619,-14,-54,-7
14620,0,10,41
14621,-22,12,3
14622,-22,12,3
14623,-21,-36,59
14624,-10,-34,-26
14625,-10,-34,-26
14626,-19,-31,30
14627,-19,-31,30
14628,-29,39,-29
14629,-26,-15,-13
14630,-26,-15,-13
14631,-3,-22,-28
14632,21,14,-20
14633,21,14,-20
14634,-10,-19,19
14635,-10,-19,19
14636,7,7,4
14637,-18,-5,6
14638,-18,-5,6
14639,7,52,-15
14640,-51,-27,11
14641,-51,-27,11
14642,-60,22,17
14643,-60,22,17
14644,-10,-40,18
14645,-20,41,38
14646,-20,41,38
14647,5,-8,-14
14648,10,37,6
14649,10,37,6
14650,7,-8,-29
14651,7,-8,-29
14652,-14,13,-35
14653,-3,-9,-28
14654,-3,-9,-28
14655,5,4,8
14656,-4,-6,30
14657,-4,-6,30
14658,15,-4,23
14659,15,-4,23
14660,21,-17,19
14661,-8,12,14
14662,-8,12,14
14663,-30,-26,-15
14664,-26,33,26
14665,-26,33,26
14666,-15,-25,11
14667,-15,-25,11
14668,-24,-15,-10
14669,-26,-15,-4
14670,-26,-15,-4
14671,2,-31,-4
14672,26,13,-20
14673,26,13,-20
14674,32,13,10
14675,32,13,10
14676,-7,-39,16
14677,16,62,-26
14678,16,62,-26
14679,-11,-12,-40
14680,-48,18,25
14681,-48,18,25
14682,-9,-11,27
14683,-9,-11,27
14684,3,4,-51
14685,-3,-7,4
14686,-3,-7,4
14687,-26,28,-11
14688,-2,-12,58
14689,-2,-12,58
14690,-23,42,37
14691,-23,42,37
14692,-4,7,-37
14693,-12,25,-44
14694,-12,25,-44
14695,-19,-60,-30
14696,-19,-60,-30
14697,5,22,13
14698,-10,-10,32
14699,-10,-10,32
14700,2,63,4
14701,-11,-30,-3
14702,-11,-30,-3
14703,-35,64,-6
14704,-35,64,-6
14705,-9,-21,-17
14706,-5,28,40
14707,-5,28,40
14708,-6,-46,13
14709,-6,-1,6
14710,-6,-1,6
14711,-19,-45,24
14712,-19,-45,24
14713,-16,-33,3
14714,-8,-17,8
14715,-8,-17,8
14716,-8,-11,23
14717,39,-26,-18
14718,39,-26,-18
14719,13,19,-40
14720,13,19,-40
14721,-1,-33,29
14722,3,-2,21
14723,3,-2,21
14724,7,32,1
14725,4,25,-8
14726,4,25,-8
14727,-11,-18,37
14728,-11,-18,37
14729,18,5,48
14730,2,-3,26
14731,2,-3,26
14732,-21,-30,-2
14733,0,12,-35
14734,0,12,-35
14735,-2,9,19
14736,-2,9,19
14737,17,24,1
14738,4,-6,31
14739,4,-6,31
14740,-8,10,3
14741,-9,-44,-1
14742,-9,-44,-1
14743,46,47,33
14744,46,47,33
14745,-5,-27,15
14746,-9,66,-10
14747,-9,66,-10
14748,-34,-34,4
14749,19,63,-17
14750,19,63,-17
14751,14,-26,-41
14752,14,-26,-41
14753,13,15,45
14754,29,-21,23
14755,29,-21,23
14756,-5,2,12
14757,-10,-7,-34
14758,-10,-7,-34
14759,-3,38,-25
14760,-3,38,-25
14761,-9,-16,14
14762,-13,35,-15
14763,-13,35,-15
14764,-12,-26,-17
14765,-25,16,18
14766,-25,16,18
14767,-5,8,-15
14768,-5,8,-15
14769,-45,27,-44
14770,5,-11,2
14771,5,-11,2
14772,11,26,9
14773,-10,5,42
14774,-10,5,42
14775,-12,12,2
14776,-12,12,2
14777,-8,-2,26
14778,10,-29,5
14779,10,-29,5
14780,-49,-28,12
14781,-49,-28,12
14782,-21,-31,45
14783,7,-3,-14
14784,7,-3,-14
14785,-16,-7,19
14786,-4,35,6
14787,-4,35,6
14788,11,-5,3
14789,11,-5,3
14790,-29,-10,-4
14791,8,-39,5
14792,8,-39,5
14793,7,1,-1
14794,7,0,-24
14795,7,0,-24
14796,-16,40,-21
14797,-16,40,-21
14798,-14,16,-33
14799,-20,-20,-12
14800,-20,-20,-12
14801,-33,11,-1
14802,-8,-18,9
14803,-8,-18,9
14804,3,12,13
14805,3,12,13
14806,5,-18,-23
14807,-8,1,-5
14808,-8,1,-5
14809,2,-19,-28
14810,19,-3,38
14811,19,-3,38
14812,-7,-3,-18
14813,-7,-3,-18
14814,6,-10,-13
14815,1,-38,-32
14816,1,-38,-32
14817,2,15,31
14818,-4,-22,16
14819,-4,-22,16
14820,-28,26,-8
14821,-28,26,-8
14822,-47,1,-2
14823,-17,16,38
14824,-17,16,38
14825,-29,-9,-8
14826,-12,13,22
14827,-12,13,22
14828,-30,11,19
14829,-30,11,19
14830,-11,13,23
14831,8,-9,-51
14832,8,-9,-51
14833,19,-7,-41
14834,41,-17,-21
14835,41,-17,-21
14836,-17,-14,-11
14837,-17,-14,-11
14838,-5,-2,39
14839,-14,-3,24
14840,-14,-3,24
14841,9,-8,-35
14842,-21,-3,51
14843,-21,-3,51
14844,-15,33,10
14845,-15,33,10
14846,14,30,27
14847,34,9,-39
14848,34,9,-39
14849,-20,-12,-13
14850,0,32,35
14851,0,32,35
14852,26,-20,-13
14853,26,-20,-13
14854,-4,-11,31
14855,-5,-9,36
14856,-5,-9,36
14857,10,17,19
14858,-27,-8,2
14859,-27,-8,2
14860,-11,19,-9
14861,-11,19,-9
14862,5,-27,-20
14863,-6,27,8
14864,-6,27,8
14865,-2,12,17
14866,-2,12,17
14867,-2,12,17
14868,21,10,-8
14869,21,10,-8
14870,26,28,-10
14871,4,-17,-13
14872,4,-17,-13
14873,11,24,-6
14874,11,24,-6
14875,29,13,3
14876,21,-6,2
14877,21,-6,2
14878,-28,-44,5
14879,-24,-4,-6
14880,-24,-4,-6
14881,-11,11,-74
14882,-11,11,-74
14883,8,-27,-17
14884,7,3,-18
14885,7,3,-18
14886,0,-14,25
14887,6,4,2
14888,6,4,2
14889,29,-6,33
14890,29,-6,33
14891,8,15,13
14892,-17,-6,-5
14893,-17,-6,-5
14894,-37,6,-26
14895,-31,-3,-61
14896,-31,-3,-61
14897,-20,4,-30
14898,-20,4,-30
14899,-20,-20,37
14900,-26,-24,56
14901,-26,-24,56
14902,-10,-8,-29
14903,31,-5,8
14904,31,-5,8
14905,24,-4,-6
14906,24,-4,-6
14907,11,0,-10
14908,1,-16,11
14909,1,-16,11
14910,23,-17,9
14911,31,-15,-13
14912,31,-15,-13
14913,0,-11,6
14914,0,-11,6
14915,-38,-29,10
14916,23,-15,-20
14917,23,-15,-20
14918,32,41,-6
14919,-7,-12,0
14920,-7,-12,0
14921,9,20,33
14922,9,20,33
14923,8,1,4
14924,-19,-30,-11
14925,-19,-30,-11
14926,0,-2,-19
14927,-22,-20,-30
14928,-22,-20,-30
14929,28,18,26
14930,28,18,26
14931,26,-8,-44
14932,4,34,-15
14933,4,34,-15
14934,15,31,-38
14935,-13,5,5
14936,-13,5,5
14937,0,-16,52
14938,0,-16,52
14939,-11,-11,-3
14940,-19,-13,7
14941,-19,-13,7
14942,-9,-15,-26
14943,-8,26,-22
14944,-8,26,-22
14945,-12,8,10
14946,-12,8,10
14947,5,17,13
14948,-26,8,26
14949,-26,8,26
14950,-3,4,-11
14951,-18,-61,-33
14952,-18,-61,-33
14953,36,31,-12
14954,36,31,-12
14955,9,0,35
14956,9,7,-2
14957,9,7,-2
14958,-23,8,13
14959,-23,8,13
14960,-19,8,5
14961,6,-28,4
14962,6,-28,4
14963,17,25,30
14964,14,-15,63
14965,14,-15,63
14966,16,63,-8
14967,16,63,-8
14968,-14,32,9
14969,-1,-12,13
14970,-1,-12,13
14971,-6,11,-23
14972,18,39,24
14973,18,39,24
14974,-8,-6,22
14975,-8,-6,22
14976,-15,11,-25
14977,-9,26,-15
14978,-9,26,-15
14979,2,31,53
14980,-61,18,4
14981,-61,18,4
14982,-19,-2,-39
14983,-19,-2,-39
14984,-6,13,4
14985,-15,-12,-6
14986,-15,-12,-6
14987,34,-5,8
14988,-11,1,-9
14989,-11,1,-9
14990,13,4,31
14991,13,4,31
14992,-3,-5,-2
14993,-10,18,45
14994,-10,18,45
14995,1,-27,23
14996,-30,-3,-37
14997,-30,-3,-37
14998,-4,12,-14
14999,-4,12,-14
15000,-18,12,-9
15001,9,-1,5
15002,9,-1,5
15003,0,-18,28
15004,14,-13,-13
15005,14,-13,-13
15006,16,-9,-14
15007,16,-9,-14
15008,4,13,-5
15009,-13,-16,56
15010,-13,-16,56
15011,23,15,-46
15012,-3,-11,-17
15013,-3,-11,-17
15014,8,24,-21
15015,8,24,-21
15016,-6,-33,-56
15017,-14,45,6
15018,-14,45,6
15019,-5,15,30
15020,-11,14,24
15021,-11,14,24
15022,2,-3,-12
15023,2,-3,-12
15024,-5,19,-34
15025,-5,-13,6
15026,-5,-13,6
15027,-10,14,-12
15028,-31,19,0
15029,-31,19,0
15030,-4,29,-12
15031,-4,29,-12
15032,3,-4,-30
15033,1,3,13
15034,1,3,13
15035,12,-51,3
15036,6,36,15
15037,6,36,15
15038,-16,16,4
15039,-16,16,4
15040,13,-3,-17
15041,-32,-23,-34
15042,-32,-23,-34
15043,-23,19,26
15044,-23,19,26
15045,-13,-26,-4
15046,-22,-8,13
15047,-22,-8,13
15048,31,9,-18
15049,20,23,-13
15050,20,23,-13
15051,19,-21,-1
15052,19,-21,-1
15053,5,9,-31
15054,-17,22,5
15055,-17,22,5
15056,-5,5,5
15057,13,15,22
15058,13,15,22
15059,8,-18,2
15060,8,-18,2
15061,-11,3,-9
15062,-12,-6,-37
15063,-12,-6,-37
15064,1,-5,-23
15065,4,-10,24
15066,4,-10,24
15067,-20,-10,-34
15068,-20,-10,-34
15069,-21,-7,-16
15070,1,-17,51
15071,1,-17,51
15072,-17,-5,0
15073,19,-1,7
15074,19,-1,7
15075,6,15,6
15076,6,15,6
15077,6,7,-62
15078,-20,30,32
15079,-20,30,32
15080,21,30,11
15081,-3,-7,-9
15082,-3,-7,-9
15083,-18,6,-4
15084,-18,6,-4
15085,18,18,40
15086,4,37,49
15087,4,37,49
15088,3,-13,-34
15089,8,9,-1
15090,8,9,-1
15091,1,-33,-28
15092,1,-33,-28
15093,-24,19,6
15094,-8,-29,16
15095,-8,-29,16
15096,-18,-23,-29
15097,-1,-15,-12
15098,-1,-15,-12
15099,-15,11,14
15100,-15,11,14
15101,7,-25,-13
15102,-9,41,-7
15103,-9,41,-7
15104,15,-48,-22
15105,21,-10,-23
15106,21,-10,-23
15107,4,-57,-31
15108,4,-57,-31
15109,23,-6,-36
15110,-23,-30,-43
15111,-23,-30,-43
15112,3,10,-23
15113,27,-4,-16
15114,27,-4,-16
15115,-14,-9,53
15116,-14,-9,53
15117,22,1,38
15118,-22,-1,-22
15119,-22,-1,-22
15120,-18,-33,1
15121,-12,4,4
15122,-12,4,4
15123,15,-5,32
15124,15,-5,32
15125,25,13,38
15126,18,-12,-43
15127,18,-12,-43
15128,6,16,-17
15129,6,16,-17
15130,-5,-4,17
15131,-5,-1,47
15132,-5,-1,47
15133,-17,17,-4
15134,-25,-5,-41
15135,-25,-5,-41
15136,-8,1,22
15137,-8,1,22
15138,-23,5,-7
15139,0,7,5
15140,0,7,5
15141,22,17,-38
15142,19,18,-14
15143,19,18,-14
15144,15,-38,-29
15145,15,-38,-29
15146,-6,32,-18
15147,6,-14,38
15148,6,-14,38
15149,10,44,32
15150,-13,12,-4
15151,-13,12,-4
15152,6,23,-16
15153,6,23,-16
15154,-22,10,-10
15155,-33,6,25
15156,-33,6,25
15157,-24,-22,57
15158,0,48,33
15159,0,48,33
15160,-7,-13,-39
15161,-7,-13,-39
15162,2,-15,-40
15163,8,-34,44
15164,8,-34,44
15165,2,-51,26
15166,19,26,-27
15167,19,26,-27
15168,14,-26,-15
15169,14,-26,-15
15170,-24,-25,-6
15171,-1,-53,8
15172,-1,-53,8
15173,-14,-20,37
15174,6,-15,-6
15175,6,-15,-6
15176,0,8,-27
15177,0,8,-27
15178,4,-19,3
15179,5,18,-2
15180,5,18,-2
15181,23,-18,-30
15182,11,-24,-55
15183,11,-24,-55
15184,-2,11,22
15185,-2,11,22
15186,13,-8,18
15187,14,-21,47
15188,14,-21,47
15189,6,-30,6
15190,3,-13,8
15191,3,-13,8
15192,19,19,-2
15193,19,19,-2
15194,-44,-24,-9
15195,-16,2,-14
15196,-16,2,-14
15197,-24,26,10
15198,-13,29,27
15199,-13,29,27
15200,2,-11,23
15201,2,-11,23
15202,8,14,10
15203,10,26,-2
15204,10,26,-2
15205,-18,-35,-29
15206,-18,26,-21
15207,-18,26,-21
15208,14,17,-22
15209,14,17,-22
15210,0,-16,-33
15211,-21,-51,1
15212,-21,-51,1
15213,-25,29,29
15214,-25,29,29
15215,-18,13,-19
15216,5,11,-34
15217,5,11,-34
15218,-8,-13,36
15219,21,-15,-35
15220,21,-15,-35
15221,-19,32,17
15222,-19,32,17
15223,-9,25,7
15224,-30,1,-3
15225,-30,1,-3
15226,-10,-1,20
15227,-12,31,-15
15228,-12,31,-15
15229,-20,-22,10
15230,-20,-22,10
15231,-27,10,-10
15232,3,11,12
15233,3,11,12
15234,-4,-11,-2
15235,25,37,-36
15236,25,37,-36
15237,1,-17,-39
15238,1,-17,-39
15239,1,0,-3
15240,-1,-10,8
15241,-1,-10,8
15242,-10,2,-23
15243,7,-29,-6
15244,7,-29,-6
15245,-17,-12,39
15246,-17,-12,39
15247,-5,-13,-26
15248,-25,-22,-3
15249,-25,-22,-3
15250,-22,36,38
15251,5,-3,17
15252,5,-3,17
15253,14,-18,43
15254,14,-18,43
15255,-25,-23,-22
15256,-4,-7,23
15257,-4,-7,23
15258,-7,-19,9
15259,38,5,-12
15260,38,5,-12
15261,32,-54,-22
15262,32,-54,-22
15263,-7,-13,23
15264,23,7,-9
15265,23,7,-9
15266,7,42,-35
15267,25,-45,-41
15268,25,-45,-41
15269,-20,20,-11
15270,-20,20,-11
15271,-19,-20,-27
15272,6,22,-33
15273,6,22,-33
15274,4,-3,-38
15275,11,27,-33
15276,11,27,-33
15277,-4,41,26
15278,-4,41,26
15279,-51,-49,15
15280,-13,-1,50
15281,-13,-1,50
15282,-3,-27,20
15283,5,19,50
15284,5,19,50
15285,-16,6,14
15286,-16,6,14
15287,-22,-15,25
15288,-24,19,-21
15289,-24,19,-21
15290,-12,-24,2
15291,-8,23,-2
15292,-8,23,-2
15293,1,22,3
15294,1,22,3
15295,-4,30,-30
15296,-12,10,-52
15297,-12,10,-52
15298,-4,-8,-11
15299,-4,-8,-11
15300,17,-3,-54
15301,-3,-7,-18
15302,-3,-7,-18
15303,-10,-2,-30
15304,8,-32,-3
15305,8,-32,-3
15306,9,22,63
15307,9,22,63
15308,-23,-50,21
15309,-44,-26,-56
15310,-44,-26,-56
15311,-20,-21,-18
15312,18,-16,-43
15313,18,-16,-43
15314,-20,-6,26
15315,-20,-6,26
15316,-34,-3,-5
15317,6,-20,32
15318,6,-20,32
15319,11,6,23
15320,-2,-9,-3
15321,-2,-9,-3
15322,8,3,10
15323,8,3,10
15324,-19,-54,4
15325,21,13,4
15326,21,13,4
15327,-18,-31,-31
15328,-11,9,-12
15329,-11,9,-12
15330,15,-19,-7
15331,15,-19,-7
15332,-10,-9,-28
15333,12,-27,-12
15334,12,-27,-12
15335,0,-14,28
15336,-1,-1,21
15337,-1,-1,21
15338,8,0,5
15339,8,0,5
15340,12,-19,13
15341,-11,51,8
15342,-11,51,8
15343,-14,-4,49
15344,22,-3,-18
15345,22,-3,-18
15346,-6,8,19
15347,-6,8,19
15348,-40,31,36
15349,4,16,36
15350,4,16,36
15351,13,21,5
15352,21,-35,-1
15353,21,-35,-1
15354,-21,24,19
15355,-21,24,19
15356,-34,-21,28
15357,-41,7,25
15358,-41,7,25
15359,5,-11,-29
15360,-5,25,-31
15361,-5,25,-31
15362,1,-39,-27
15363,1,-39,-27
15364,-9,-3,7
15365,-6,-4,17
15366,-6,-4,17
15367,24,27,26
15368,22,-17,8
15369,22,-17,8
15370,24,4,20
15371,24,4,20
15372,16,16,24
15373,-1,-10,-14
15374,-1,-10,-14
15375,4,21,-4
15376,8,14,-5
15377,8,14,-5
15378,-18,10,-8
15379,-18,10,-8
15380,1,12,-17
15381,-7,5,-34
15382,-7,5,-34
15383,-28,31,12
15384,-22,19,-15
15385,-22,19,-15
15386,-32,27,1
15387,-32,27,1
15388,20,15,-25
15389,-14,44,-16
15390,-14,44,-16
15391,5,-7,1
15392,5,-7,1
15393,29,1,-18
15394,16,-16,-21
15395,16,-16,-21
15396,19,0,-19
15397,7,15,-57
15398,7,15,-57
15399,14,-11,-8
15400,14,-11,-8
15401,-35,10,23
15402,-16,32,-23
15403,-16,32,-23
15404,-7,-30,-7
15405,8,-51,-20
15406,8,-51,-20
15407,10,22,-19
15408,10,22,-19
15409,16,-30,-6
15410,15,-22,-54
15411,15,-22,-54
15412,9,-24,-3
15413,21,-10,19
15414,21,-10,19
15415,-3,-4,-8
15416,-3,-4,-8
15417,28,-4,30
15418,26,-17,-22
15419,26,-17,-22
15420,8,19,9
15421,2,-21,-8
15422,2,-21,-8
15423,15,19,-6
15424,15,19,-6
15425,-5,10,29
15426,26,-16,-11
15427,26,-16,-11
15428,-11,8,1
15429,4,14,-16
15430,4,14,-16
15431,-21,-17,-6
15432,-21,-17,-6
15433,-40,2,-24
15434,-20,-9,0
15435,-20,-9,0
15436,-6,28,16
15437,0,8,50
15438,0,8,50
15439,21,10,23
15440,21,10,23
15441,5,4,41
15442,-21,-38,23
15443,-21,-38,23
15444,5,9,25
15445,-27,12,2
15446,-27,12,2
15447,-10,7,20
15448,-10,7,20
15449,-25,-9,13
15450,-69,-33,-27
15451,-69,-33,-27
15452,1,17,-5
15453,11,21,48
15454,11,21,48
15455,-13,-13,-40
15456,-13,-13,-40
15457,-20,-6,-20
15458,-2,-6,21
15459,-2,-6,21
15460,25,16,11
15461,-40,-44,-43
15462,-40,-44,-43
15463,13,-28,-12
15464,13,-28,-12
15465,24,36,31
15466,11,23,-35
15467,11,23,-35
15468,2,42,-8
15469,32,1,0
15470,32,1,0
15471,8,31,2
15472,8,31,2
15473,-37,-34,-9
15474,-6,-14,-13
15475,-6,-14,-13
15476,-32,-15,33
15477,-32,-15,33
15478,-21,4,5
15479,29,20,-50
15480,29,20,-50
15481,7,-4,0
15482,-20,21,-26
15483,-20,21,-26
15484,-8,-13,3
15485,-8,-13,3
15486,-6,-12,-34
15487,4,-3,32
15488,4,-3,32
15489,-5,27,35
15490,2,-31,5
15491,2,-31,5
15492,21,-2,6
15493,21,-2,6
15494,4,9,-16
15495,-8,0,-65
15496,-8,0,-65
15497,38,26,12
15498,7,-14,11
15499,7,-14,11
15500,-15,42,-22
15501,-15,42,-22
15502,-22,-37,-16
15503,32,46,-3
15504,32,46,-3
15505,10,-45,19
15506,-16,35,4
15507,-16,35,4
15508,0,-49,-16
15509,0,-49,-16
15510,-4,-1,21
15511,-10,-25,59
15512,-10,-25,59
15513,32,-18,10
15514,-4,-16,-31
15515,-4,-16,-31
15516,6,-23,-22
15517,6,-23,-22
15518,19,7,39
15519,-17,45,34
15520,-17,45,34
15521,15,48,19
15522,-2,43,-13
15523,-2,43,-13
15524,7,-31,-30
15525,7,-31,-30
15526,-8,11,-15
15527,-16,-35,3
15528,-16,-35,3
15529,30,19,-35
15530,-38,-57,-32
15531,-38,-57,-32
15532,21,-4,-8
15533,21,-4,-8
15534,10,-29,33
15535,12,4,23
15536,12,4,23
15537,35,-2,2
15538,16,69,42
15539,16,69,42
15540,-10,-8,10
15541,-10,-8,10
15542,-18,9,28
15543,-3,-25,10
15544,-3,-25,10
15545,3,6,10
15546,2,-11,-15
15547,2,-11,-15
15548,5,-20,1
15549,5,-20,1
15550,6,-8,7
15551,-13,-4,34
15552,-13,-4,34
15553,-1,-24,3
15554,-6,15,-4
15555,-6,15,-4
15556,-15,34,-11
15557,-15,34,-11
15558,18,-19,-10
15559,-16,-29,-10
15560,-16,-29,-10
15561,-3,-9,18
15562,-3,-9,18
15563,2,6,-8
15564,12,5,-23
15565,12,5,-23
15566,44,-11,-9
15567,11,16,20
15568,11,16,20
15569,16,-27,-24
15570,16,-27,-24
15571,-16,26,10
15572,22,35,-16
15573,22,35,-16
15574,0,16,39
15575,9,8,100
15576,9,8,100
15577,-3,-32,-37
15578,-3,-32,-37
15579,12,-13,-10
15580,-8,-21,23
15581,-8,-21,23
15582,6,13,31
15583,-9,-18,45
15584,-9,-18,45
15585,3,7,19
15586,3,7,19
15587,5,15,6
15588,-12,7,-16
15589,-12,7,-16
15590,31,-7,-46
15591,12,-25,-19
15592,12,-25,-19
15593,-6,-26,-36
15594,-6,-26,-36
15595,23,18,-7
15596,18,-16,18
15597,18,-16,18
15598,8,-25,-19
15599,-2,-1,56
15600,-2,-1,56
15601,-1,-7,23
15602,-1,-7,23
15603,15,-11,-1
15604,2,6,13
15605,2,6,13
15606,20,-18,65
15607,-1,-8,11
15608,-1,-8,11
15609,23,-7,-31
15610,23,-7,-31
15611,-6,38,-14
15612,-17,58,34
15613,-17,58,34
15614,7,-11,-11
15615,-17,-10,14
15616,-17,-10,14
15617,-20,11,17
15618,-20,11,17
15619,16,-9,27
15620,8,-19,-14
15621,8,-19,-14
15622,34,-9,2
15623,12,40,15
15624,12,40,15
15625,-8,25,-23
15626,-8,25,-23
15627,-4,7,-23
15628,28,-18,50
15629,28,-18,50
15630,59,-27,-13
15631,-15,-6,-28
15632,-15,-6,-28
15633,-17,12,-6
15634,-17,12,-6
15635,-12,5,5
15636,-19,-1,-2
15637,-19,-1,-2
15638,-1,2,5
15639,-40,0,36
15640,-40,0,36
15641,-17,-5,1
15642,-17,-5,1
15643,-14,-8,-24
15644,-7,-10,-19
15645,-7,-10,-19
15646,-8,9,-10
15647,-8,9,-10
15648,30,-1,42
15649,18,-26,8
15650,18,-26,8
15651,-3,-18,13
15652,5,12,17
15653,5,12,17
15654,-15,-18,15
15655,-15,-18,15
15656,2,-24,5
15657,-36,-4,10
15658,-36,-4,10
15659,-24,-6,26
15660,-4,-33,-36
15661,-4,-33,-36
15662,1,2,-18
15663,1,2,-18
15664,-1,-9,7
15665,5,49,-11
15666,5,49,-11
15667,10,-25,-7
15668,-4,38,-17
15669,-4,38,-17
15670,23,4,0
15671,23,4,0
15672,-13,6,-2
15673,-23,-28,-14
15674,-23,-28,-14
15675,-4,-9,35
15676,-11,-14,27
15677,-11,-14,27
15678,-22,-22,-1
15679,-22,-22,-1
15680,10,-27,-1
15681,-30,30,31
15682,-30,30,31
15683,15,-22,12
15684,19,-16,-2
15685,19,-16,-2
15686,10,-35,22
15687,10,-35,22
15688,19,11,-12
15689,-1,14,21
15690,-1,14,21
15691,-15,42,1
15692,21,-31,-7
15693,21,-31,-7
15694,10,-47,37
15695,10,-47,37
15696,8,-33,4
15697,-31,-8,33
15698,-31,-8,33
15699,10,4,-11
15700,16,-15,-10
15701,16,-15,-10
15702,-1,29,-2
15703,-1,29,-2
15704,-27,-6,27
15705,-32,18,-3
15706,-32,18,-3
15707,-25,-15,-31
15708,3,0,-33
15709,3,0,-33
15710,16,1,-35
15711,16,1,-35
15712,13,39,-34
15713,14,-25,-31
15714,14,-25,-31
15715,-3,-4,-35
15716,0,-5,29
15717,0,-5,29
15718,-11,28,37
15719,-11,28,37
15720,4,20,-13
15721,29,1,0
15722,29,1,0
15723,-21,-14,-16
15724,12,15,24
15725,12,15,24
15726,-6,-19,-6
15727,-6,-19,-6
15728,-12,-27,14
15729,16,-32,-2
15730,16,-32,-2
15731,14,-23,-1
15732,-14,-24,-20
15733,-14,-24,-20
15734,1,-14,-28
15735,1,-14,-28
15736,9,-16,-2
15737,5,54,-4
15738,5,54,-4
15739,-12,-21,-39
15740,-12,-21,-39
15741,-1,15,36
15742,3,8,28
15743,3,8,28
15744,-32,4,10
15745,-20,9,-32
15746,-20,9,-32
15747,10,-13,10
15748,10,-13,10
15749,15,-9,2
15750,-14,-3,-15
15751,-14,-3,-15
15752,-4,20,-48
15753,30,26,-21
15754,30,26,-21
15755,22,-13,-4
15756,22,-13,-4
15757,12,4,-7
15758,-21,-53,38
15759,-21,-53,38
15760,7,4,14
15761,-6,1,11
15762,-6,1,11
15763,-5,-21,7
15764,-5,-21,7
15765,5,2,38
15766,8,10,4
15767,8,10,4
15768,-11,-7,-8
15769,0,16,1
15770,0,16,1
15771,31,-6,-32
15772,31,-6,-32
15773,12,-15,-9
15774,27,-2,-16
15775,27,-2,-16
15776,5,5,5
15777,33,-2,-23
15778,33,-2,-23
15779,-17,-17,-1
15780,-17,-17,-1
15781,-31,-28,-2
15782,4,10,8
15783,4,10,8
15784,-33,-20,-10
15785,4,-47,1
15786,4,-47,1
15787,-11,-10,8
15788,-11,-10,8
15789,-8,-48,6
15790,-13,5,23
15791,-13,5,23
15792,25,20,-3
15793,33,-2,6
15794,33,-2,6
15795,18,4,9
15796,18,4,9
15797,21,17,-5
15798,11,-9,32
15799,11,-9,32
15800,11,19,45
15801,22,-16,0
15802,22,-16,0
15803,-10,-22,5
15804,-10,-22,5
15805,-21,-11,6
15806,-7,13,27
15807,-7,13,27
15808,2,-13,1
15809,6,10,-18
15810,6,10,-18
15811,26,9,-2
15812,26,9,-2
15813,-4,-31,-14
15814,12,-23,27
15815,12,-23,27
15816,-20,23,-4
15817,-18,13,-24
15818,-18,13,-24
15819,-14,-12,5
15820,-14,-12,5
15821,-9,21,38
15822,3,-13,-13
15823,3,-13,-13
15824,4,-9,-18
15825,4,-9,-18
15826,8,6,-14
15827,-14,-4,10
15828,-14,-4,10
15829,-6,-10,-26
15830,-14,-19,23
15831,-14,-19,23
15832,-27,19,12
15833,-27,19,12
15834,-14,-2,-4
15835,-2,14,48
15836,-2,14,48
15837,-10,17,2
15838,-23,-12,18
15839,-23,-12,18
15840,-6,15,6
15841,-6,15,6
15842,-30,-25,-32
15843,-14,21,-41
15844,-14,21,-41
15845,-42,-10,12
15846,31,3,-7
15847,31,3,-7
15848,-17,-8,30
15849,-17,-8,30
15850,-2,45,-32
15851,29,-68,0
15852,29,-68,0
15853,8,-11,26
15854,15,-7,-21
15855,15,-7,-21
15856,-11,0,39
15857,-11,0,39
15858,-30,15,48
15859,-13,9,9
15860,-13,9,9
15861,3,49,-22
15862,14,38,-1
15863,14,38,-1
15864,19,16,23
15865,19,16,23
15866,12,18,-21
15867,9,18,-59
15868,9,18,-59
15869,-14,18,-6
15870,6,-25,-38
15871,6,-25,-38
15872,8,43,-5
15873,8,43,-5
15874,-1,-22,50
15875,19,46,39
15876,19,46,39
15877,-16,4,-47
15878,-9,9,-68
15879,-9,9,-68
15880,34,-18,-13
15881,34,-18,-13
15882,23,1,-38
15883,-1,9,-1
15884,-1,9,-1
15885,-9,11,4
15886,16,-19,-4
15887,16,-19,-4
15888,-12,-14,3
15889,-12,-14,3
15890,-16,17,-4
15891,-8,-19,0
15892,-8,-19,0
15893,10,15,-26
15894,-4,-26,-13
15895,-4,-26,-13
15896,-10,-23,-13
15897,-10,-23,-13
15898,-23,-6,-12
15899,13,11,-14
15900,13,11,-14
15901,6,0,2
15902,-10,4,-14
15903,-10,4,-14
15904,-14,-5,34
15905,-14,-5,34
15906,-15,21,23
15907,10,-31,2
15908,10,-31,2
15909,-2,3,8
15910,-2,3,8
15911,-9,-18,-14
15912,-5,18,-16
15913,-5,18,-16
15914,-31,-19,-28
15915,-7,5,15
15916,-7,5,15
15917,3,-5,42
15918,3,-5,42
15919,-2,-1,-28
15920,5,8,-19
15921,5,8,-19
15922,-10,30,-43
15923,13,-21,22
15924,13,-21,22
15925,-21,-8,-1
15926,-21,-8,-1
15927,11,-1,-39
15928,9,13,-24
15929,9,13,-24
15930,7,27,-47
15931,-19,5,7
15932,-19,5,7
15933,-13,12,27
15934,-13,12,27
15935,-2,-4,36
15936,-19,22,0
15937,-19,22,0
15938,-9,11,-14
15939,15,28,-25
15940,15,28,-25
15941,2,-14,13
15942,2,-14,13
15943,5,6,-6
15944,-13,18,-19
15945,-13,18,-19
15946,-17,-6,24
15947,-18,-32,25
15948,-18,-32,25
15949,-21,-5,17
15950,-21,-5,17
15951,-35,9,-30
15952,-20,13,-12
15953,-20,13,-12
15954,29,32,-39
15955,-19,-8,-15
15956,-19,-8,-15
15957,-12,33,58
15958,-12,33,58
15959,-17,36,31
15960,1,-17,-35
15961,1,-17,-35
15962,-39,-11,-32
15963,-28,0,8
15964,-28,0,8
15965,2,35,23
15966,2,35,23
15967,8,16,34
15968,6,-6,20
15969,6,-6,20
15970,8,10,3
15971,-32,-57,-19
15972,-32,-57,-19
15973,17,23,-20
15974,17,23,-20
15975,6,3,2
15976,-1,-1,4
15977,-1,-1,4
15978,-7,4,13
15979,-17,10,0
15980,-17,10,0
15981,-10,-6,-20
15982,-10,-6,-20
15983,26,7,23
15984,24,14,-20
15985,24,14,-20
15986,-1,20,-64
15987,-2,-15,-41
15988,-2,-15,-41
15989,0,-6,-12
15990,0,-6,-12
15991,2,-6,41
15992,10,-7,-19
15993,10,-7,-19
15994,-17,-8,21
15995,-15,6,15
15996,-15,6,15
15997,-36,-32,-5
15998,-36,-32,-5
15999,-16,-28,24
16000,10,-8,3
16001,10,-8,3
16002,-6,20,12
16003,-6,20,12
16004,13,24,-17
16005,9,41,12
16006,9,41,12
16007,-26,12,8
16008,-24,-15,7
16009,-24,-15,7
16010,-32,19,19
16011,-32,19,19
16012,-37,-41,13
16013,-15,43,-14
16014,-15,43,-14
16015,-34,-23,23
16016,-11,-4,-22
16017,-11,-4,-22
16018,38,-10,34
16019,38,-10,34
16020,-28,-23,-18
16021,3,-45,-4
16022,3,-45,-4
16023,-10,-6,-11
16024,-15,-20,-10
16025,-15,-20,-10
16026,1,30,-23
16027,1,30,-23
16028,-26,-5,17
16029,-29,5,23
16030,-29,5,23
16031,-9,-2,24
16032,-26,10,-28
16033,-26,10,-28
16034,16,-34,17
16035,16,-34,17
16036,9,-21,-19
16037,-21,-21,-51
16038,-21,-21,-51
16039,-1,-17,4
16040,-22,11,-2
16041,-22,11,-2
16042,-13,-29,7
16043,-13,-29,7
16044,-19,2,74
16045,-17,-5,-9
16046,-17,-5,-9
16047,8,19,-12
16048,11,-3,-14
16049,11,-3,-14
16050,14,15,11
16051,14,15,11
16052,-11,1,17
16053,-23,-14,32
16054,-23,-14,32
16055,-6,17,17
16056,7,20,42
16057,7,20,42
16058,3,5,13
16059,3,5,13
16060,-2,2,36
16061,-15,-3,-32
16062,-15,-3,-32
16063,8,6,9
16064,-6,14,18
16065,-6,14,18
16066,3,-7,28
16067,3,-7,28
16068,12,1,21
16069,-12,1,-17
16070,-12,1,-17
16071,2,-28,-14
16072,-6,8,-19
16073,-6,8,-19
16074,14,-39,-58
16075,14,-39,-58
16076,-13,8,16
16077,-17,-4,4
16078,-17,-4,4
16079,-15,31,18
16080,-1,-22,-11
16081,-1,-22,-11
16082,2,29,26
16083,2,29,26
16084,5,-30,9
16085,-41,21,6
16086,-41,21,6
16087,-48,-29,14
16088,-48,-29,14
16089,6,14,10
16090,-23,4,-17
16091,-23,4,-17
16092,4,5,-16
16093,-16,-31,-25
16094,-16,-31,-25
16095,6,31,17
16096,6,31,17
16097,1,-22,-3
16098,13,28,-8
16099,13,28,-8
16100,-12,-7,4
16101,-40,43,11
16102,-40,43,11
16103,-5,-1,-1
16104,-5,-1,-1
16105,-9,19,24
16106,9,26,2
16107,9,26,2
16108,-9,40,29
16109,-51,-27,34
16110,-51,-27,34
16111,6,-4,8
16112,6,-4,8
16113,20,-9,-13
16114,1,10,-3
16115,1,10,-3
16116,27,3,-31
16117,-20,8,8
16118,-20,8,8
16119,-11,-24,-12
16120,-11,-24,-12
16121,-12,0,10
16122,-8,-59,29
16123,-8,-59,29
16124,-21,-7,-42
16125,-13,-6,-42
16126,-13,-6,-42
16127,1,-35,-9
16128,1,-35,-9
16129,1,35,3
16130,-18,-19,-25
16131,-18,-19,-25
16132,-25,8,-30
16133,15,-16,23
16134,15,-16,23
16135,21,-5,9
16136,21,-5,9
16137,3,-18,59
16138,-22,25,18
16139,-22,25,18
16140,-5,-30,-31
16141,-27,7,30
16142,-27,7,30
16143,-30,11,-6
16144,-30,11,-6
16145,-18,3,44
16146,10,2,3
16147,10,2,3
16148,31,50,33
16149,1,6,9
16150,1,6,9
16151,-5,29,-40
16152,-5,29,-40
16153,-20,-17,13
16154,11,43,-9
16155,11,43,-9
16156,-8,1,-38
16157,6,24,8
16158,6,24,8
16159,-16,-36,-20
16160,-16,-36,-20
16161,-9,2,-4
16162,-12,-44,33
16163,-12,-44,33
16164,5,4,23
16165,-3,-56,-36
16166,-3,-56,-36
16167,-10,26,-36
16168,-10,26,-36
16169,24,-33,43
16170,-3,18,6
16171,-3,18,6
16172,-56,-15,-26
16173,-56,-15,-26
16174,-5,-6,8
16175,4,-16,36
16176,4,-16,36
16177,0,1,32
16178,-24,9,5
16179,-24,9,5
16180,-7,-23,53
16181,-7,-23,53
16182,-15,-10,36
16183,-40,0,-14
16184,-40,0,-14
16185,-18,-15,-1
16186,-25,-6,-48
16187,-25,-6,-48
16188,21,-6,-66
16189,21,-6,-66
16190,22,27,3
16191,1,43,8
16192,1,43,8
16193,-14,-1,8
16194,0,-17,1
16195,0,-17,1
16196,7,-12,-45
16197,7,-12,-45
16198,-21,-21,52
16199,7,-50,12
16200,7,-50,12
16201,15,4,51
16202,-12,-28,6
16203,-12,-28,6
16204,-17,-21,-7
16205,-17,-21,-7
16206,-19,14,30
16207,15,12,-11
16208,15,12,-11
16209,-4,0,2
16210,8,12,46
16211,8,12,46
16212,6,37,11
16213,6,37,11
16214,-19,2,-13
16215,23,45,-30
16216,23,45,-30
16217,-6,10,4
16218,19,-25,-29
16219,19,-25,-29
16220,13,-2,46
16221,13,-2,46
16222,8,14,-39
16223,-27,-10,-27
16224,-27,-10,-27
16225,-19,6,4
16226,1,-4,31
16227,1,-4,31
16228,-20,-26,16
16229,-20,-26,16
16230,-15,27,-8
16231,-26,8,-23
16232,-26,8,-23
16233,-10,-19,18
16234,-16,19,23
16235,-16,19,23
16236,-28,-24,5
16237,-28,-24,5
16238,-8,20,-34
16239,2,-7,12
16240,2,-7,12
16241,22,-42,11
16242,27,31,-32
16243,27,31,-32
16244,1,-14,-24
16245,1,-14,-24
16246,-26,-28,10
16247,-9,29,1
16248,-9,29,1
16249,17,13,18
16250,1,-3,19
16251,1,-3,19
16252,4,-41,-42
16253,4,-41,-42
16254,-15,11,-49
16255,-10,-25,-59
16256,-10,-25,-59
16257,28,22,-32
16258,28,22,-32
16259,-41,1,-7
16260,-47,-1,15
16261,-47,-1,15
16262,-9,-14,-2
16263,-1,-5,4
16264,-1,-5,4
16265,8,4,9
16266,8,4,9
16267,5,8,45
16268,-11,8,35
16269,-11,8,35
16270,10,19,-34
16271,6,17,13
16272,6,17,13
16273,9,-31,-20
16274,9,-31,-20
16275,4,-9,25
16276,-2,2,-21
16277,-2,2,-21
16278,-5,-5,-29
16279,-24,48,19
16280,-24,48,19
16281,5,-25,-18
16282,5,-25,-18
16283,-21,12,-28
16284,13,-15,-18
16285,13,-15,-18
16286,-5,-11,15
16287,8,12,14
16288,8,12,14
16289,2,5,-3
16290,2,5,-3
16291,17,-13,-10
16292,7,-14,14
16293,7,-14,14
16294,-29,-51,8
16295,41,-17,21
16296,41,-17,21
16297,17,-8,-27
16298,17,-8,-27
16299,22,5,-3
16300,-3,22,47
16301,-3,22,47
16302,-51,-5,34
16303,-41,6,-11
16304,-41,6,-11
16305,-33,-14,-51
16306,-33,-14,-51
16307,4,-4,30
16308,-12,3,14
16309,-12,3,14
16310,0,-11,-51
16311,7,-7,-66
16312,7,-7,-66
16313,-3,3,13
16314,-3,3,13
16315,-15,11,-23
16316,-12,-32,12
16317,-12,-32,12
16318,-18,13,10
16319,-6,-16,31
16320,-6,-16,31
16321,-10,-33,3
16322,-10,-33,3
16323,9,13,29
16324,7,1,17
16325,7,1,17
16326,-24,-31,12
16327,21,27,-5
16328,21,27,-5
16329,4,-1,-3
16330,4,-1,-3
16331,19,11,35
16332,2,-35,17
16333,2,-35,17
16334,-14,8,35
16335,5,-10,16
16336,5,-10,16
16337,-1,-7,-37
16338,-1,-7,-37
16339,11,-11,-7
16340,25,32,11
16341,25,32,11
16342,0,22,14
16343,-18,-1,3
16344,-18,-1,3
16345,5,-17,22
16346,5,-17,22
16347,3,11,-11
16348,-4,-16,13
16349,-4,-16,13
16350,3,-1,-13
16351,3,-1,-13
16352,37,-47,-12
16353,46,-7,-2
16354,46,-7,-2
16355,11,23,12
16356,-6,21,8
16357,-6,21,8
16358,-9,7,-19
16359,-9,7,-19
16360,18,16,14
16361,-5,-19,1
16362,-5,-19,1
16363,-21,19,34
16364,6,-28,37
16365,6,-28,37
16366,-29,-7,2
16367,-29,-7,2
16368,6,-5,-29
16369,-9,-41,-2
16370,-9,-41,-2
16371,-4,35,18
16372,34,-30,1
16373,34,-30,1
16374,27,25,-34
16375,27,25,-34
16376,-4,-48,-22
16377,2,6,40
16378,2,6,40
16379,14,-7,40
16380,-20,29,5
16381,-20,29,5
16382,-28,-15,47
16383,-28,-15,47
16384,-42,2,37
16385,4,-21,15
16386,4,-21,15
16387,-1,17,-59
16388,38,18,17
16389,38,18,17
16390,7,15,72
16391,7,15,72
16392,10,-31,-3
16393,-10,15,-5
16394,-10,15,-5
16395,4,11,35
16396,-16,-1,25
16397,-16,-1,25
16398,16,5,20
16399,16,5,20
16400,-3,-13,5
16401,41,16,-25
16402,41,16,-25
16403,0,23,-13
16404,-15,-8,12
16405,-15,-8,12
16406,-19,-5,15
16407,-19,-5,15
16408,-3,41,-52
16409,-7,-5,-37
16410,-7,-5,-37
16411,-4,13,-7
16412,0,-12,-19
16413,0,-12,-19
16414,-16,5,-10
16415,-16,5,-10
16416,6,-2,4
16417,4,0,-1
16418,4,0,-1
16419,-8,-12,-26
16420,-26,-33,15
16421,-26,-33,15
16422,-14,-5,21
16423,-14,-5,21
16424,-2,-15,-6
16425,36,-16,11
16426,36,-16,11
16427,9,-46,-16
16428,15,4,25
16429,15,4,25
16430,-6,18,64
16431,-6,18,64
16432,-9,-12,-52
16433,-32,-34,-46
16434,-32,-34,-46
16435,-25,9,-1
16436,-25,9,-1
16437,1,-23,-38
16438,1,39,-21
16439,1,39,-21
16440,-26,-37,-37
16441,-6,-38,-1
16442,-6,-38,-1
16443,22,3,-9
16444,22,3,-9
16445,12,-8,14
16446,16,-8,-39
16447,16,-8,-39
16448,33,3,-3
16449,-15,-45,29
16450,-15,-45,29
16451,-23,3,-21
16452,-23,3,-21
16453,-13,-14,-15
16454,-3,43,-10
16455,-3,43,-10
16456,-4,-5,-44
16457,4,11,-9
16458,4,11,-9
16459,-4,-17,-20
16460,-4,-17,-20
16461,19,20,-11
16462,-25,19,17
16463,-25,19,17
16464,-27,11,-2
16465,-2,-1,-56
16466,-2,-1,-56
16467,-36,4,15
16468,-36,4,15
16469,-19,11,2
16470,37,-3,-2
16471,37,-3,-2
16472,-31,30,-30
16473,-24,-3,-68
16474,-24,-3,-68
16475,-16,15,-27
16476,-16,15,-27
16477,-5,-18,-23
16478,-15,-29,-45
16479,-15,-29,-45
16480,-5,-12,-11
16481,11,-5,24
16482,11,-5,24
16483,7,-7,19
16484,7,-7,19
16485,1,16,43
16486,5,-4,-18
16487,5,-4,-18
16488,-17,23,-27
16489,2,5,-9
16490,2,5,-9
16491,6,1,41
16492,6,1,41
16493,-4,-36,4
16494,3,36,-13
16495,3,36,-13
16496,-22,-27,-13
16497,4,5,-6
16498,4,5,-6
16499,-14,-21,-1
16500,-14,-21,-1
16501,-32,23,-3
16502,-27,11,-22
16503,-27,11,-22
16504,-11,24,29
16505,11,-44,-20
16506,11,-44,-20
16507,1,39,11
16508,1,39,11
16509,-22,-34,-28
16510,23,20,-37
16511,23,20,-37
16512,2,-25,0
16513,11,-10,-43
16514,11,-10,-43
16515,-13,-19,2
16516,-13,-19,2
16517,-18,30,-9
16518,-15,-14,15
16519,-15,-14,15
16520,19,41,31
16521,19,41,31
16522,6,0,46
16523,24,12,6
16524,24,12,6
16525,-3,-40,24
16526,-4,-6,-18
16527,-4,-6,-18
16528,-41,-23,-17
16529,-41,-23,-17
16530,-28,7,-33
16531,27,-34,-14
16532,27,-34,-14
16533,-16,-2,-19
16534,13,-25,15
16535,13,-25,15
16536,17,11,15
16537,17,11,15
16538,-15,-7,19
16539,-28,-13,60
16540,-28,-13,60
16541,-19,-17,31
16542,-13,-20,-9
16543,-13,-20,-9
16544,-16,12,6
16545,-16,12,6
16546,-5,17,0
16547,3,11,20
16548,3,11,20
16549,-39,25,1
16550,-28,-16,-20
16551,-28,-16,-20
16552,-7,-14,-15
16553,-7,-14,-15
16554,-7,-10,-5
16555,4,-31,22
16556,4,-31,22
16557,35,26,18
16558,14,9,-14
16559,14,9,-14
16560,36,12,-17
16561,36,12,-17
16562,1,-26,7
16563,-19,-15,-1
16564,-19,-15,-1
16565,-47,10,32
16566,15,-6,-26
16567,15,-6,-26
16568,-31,-21,10
16569,-31,-21,10
16570,-71,-17,-18
16571,-21,-4,-9
16572,-21,-4,-9
16573,1,10,-36
16574,-1,7,4
16575,-1,7,4
16576,-22,-25,16
16577,-22,-25,16
16578,-35,-3,-8
16579,6,-52,-23
16580,6,-52,-23
16581,32,-4,1
16582,15,-50,-15
16583,15,-50,-15
16584,5,33,14
16585,5,33,14
16586,-22,18,59
16587,9,43,46
16588,9,43,46
16589,-6,26,36
16590,-16,14,5
16591,-16,14,5
16592,-12,9,24
16593,-12,9,24
16594,-17,3,28
16595,-30,-37,-37
16596,-30,-37,-37
16597,-2,24,8
16598,-22,8,-49
16599,-22,8,-49
16600,24,-4,7
16601,24,-4,7
16602,-30,-17,18
16603,13,-3,4
16604,13,-3,4
16605,9,0,35
16606,9,0,35
16607,-12,8,-36
16608,6,-20,42
16609,6,-20,42
16610,-4,38,-67
16611,-2,18,-33
16612,-2,18,-33
16613,-2,17,5
16614,-2,17,5
16615,-30,6,-5
16616,-28,1,8
16617,-28,1,8
16618,0,33,-10
16619,-30,3,5
16620,-30,3,5
16621,28,-22,-5
16622,28,-22,-5
16623,27,-14,13
16624,17,-11,34
16625,17,-11,34
16626,29,-5,4
16627,-3,17,-8
16628,-3,17,-8
16629,30,1,34
16630,30,1,34
16631,6,-26,29
16632,-19,44,-17
16633,-19,44,-17
16634,-14,1,-13
16635,-15,-25,-48
16636,-15,-25,-48
16637,-35,-37,25
16638,-35,-37,25
16639,-12,14,-19
16640,-8,-14,-23
16641,-8,-14,-23
16642,-8,32,3
16643,8,-25,-18
16644,8,-25,-18
16645,-16,16,22
16646,-16,16,22
16647,-4,10,25
16648,8,37,-33
16649,8,37,-33
16650,33,-36,2
16651,-16,26,19
16652,-16,26,19
16653,15,12,0
16654,15,12,0
16655,-30,17,-44
16656,-9,-10,-9
16657,-9,-10,-9
16658,12,4,28
16659,-63,-13,46
16660,-63,-13,46
16661,-26,19,44
16662,-26,19,44
16663,-11,-36,-18
16664,-14,10,22
16665,-14,10,22
16666,2,-14,40
16667,-6,-10,-24
16668,-6,-10,-24
16669,16,-16,-21
16670,16,-16,-21
16671,-17,22,-9
16672,-13,-12,0
16673,-13,-12,0
16674,-13,8,-3
16675,-18,-14,18
16676,-18,-14,18
16677,5,7,30
16678,5,7,30
16679,25,-8,27
16680,3,18,15
16681,3,18,15
16682,4,-5,34
16683,23,5,5
16684,23,5,5
16685,-2,-19,-7
16686,-2,-19,-7
16687,0,27,-11
16688,-30,-2,-7
16689,-30,-2,-7
16690,12,19,-20
16691,-49,18,-8
16692,-49,18,-8
16693,-19,-10,46
16694,-19,-10,46
16695,-26,-26,-8
16696,-20,45,-60
16697,-20,45,-60
16698,33,-8,-36
16699,33,-8,-36
16700,-1,26,4
16701,13,-16,31
16702,13,-16,31
16703,1,18,1
16704,-17,-16,3
16705,-17,-16,3
16706,-27,-8,-16
16707,-27,-8,-16
16708,-10,-3,9
16709,-14,-6,6
16710,-14,-6,6
16711,-8,-25,15
16712,-18,-20,-48
16713,-18,-20,-48
16714,1,-17,-4
16715,1,-17,-4
16716,24,-24,38
16717,6,-23,-1
16718,6,-23,-1
16719,17,25,-27
16720,8,-11,-13
16721,8,-11,-13
16722,20,0,-3
16723,20,0,-3
16724,11,7,16
16725,-8,-13,17
16726,-8,-13,17
16727,-3,4,25
16728,-40,5,5
16729,-40,5,5
16730,-14,23,27
16731,-14,23,27
16732,-12,-54,43
16733,-23,53,48
16734,-23,53,48
16735,-1,-11,-12
16736,-26,52,-13
16737,-26,52,-13
16738,-34,-35,-29
16739,-34,-35,-29
16740,15,7,50
16741,-26,-22,15
16742,-26,-22,15
16743,5,23,-18
16744,5,-8,6
16745,5,-8,6
16746,3,-15,22
16747,3,-15,22
16748,13,15,76
16749,-13,-16,-20
16750,-13,-16,-20
16751,0,33,-30
16752,1,-26,8
16753,1,-26,8
16754,-18,29,-2
16755,-18,29,-2
16756,-25,-28,13
16757,-36,27,-14
16758,-36,27,-14
16759,20,8,14
16760,-17,22,-19
16761,-17,22,-19
16762,5,-15,0
16763,5,-15,0
16764,-15,6,32
16765,2,-11,36
16766,2,-11,36
16767,-3,2,9
16768,18,-31,-37
16769,18,-31,-37
16770,-7,-17,-22
16771,-7,-17,-22
16772,2,-39,51
16773,-52,-6,3
16774,-52,-6,3
16775,-13,-30,-18
16776,12,58,-38
16777,12,58,-38
16778,-59,-22,18
16779,-59,-22,18
16780,-9,36,13
16781,-2,-45,0
16782,-2,-45,0
16783,15,34,-14
16784,15,34,-14
16785,-18,-19,-10
16786,6,13,10
16787,6,13,10
16788,21,-4,12
16789,14,52,43
16790,14,52,43
16791,13,22,14
16792,13,22,14
16793,-10,46,0
16794,1,-23,11
16795,1,-23,11
16796,-9,13,18
16797,-44,-9,40
16798,-44,-9,40
16799,-33,11,-3
16800,-33,11,-3
16801,4,-27,-10
16802,-18,-24,-17
16803,-18,-24,-17
16804,3,33,-50
16805,-17,-19,-8
16806,-17,-19,-8
16807,-19,11,-12
16808,-19,11,-12
16809,0,30,46
16810,-42,-5,-1
16811,-42,-5,-1
16812,-7,-2,9
16813,-14,-7,-16
16814,-14,-7,-16
16815,-16,1,-30
16816,-16,1,-30
16817,-41,-20,-35
16818,-23,5,-18
16819,-23,5,-18
16820,-5,-1,-25
16821,-20,9,-33
16822,-20,9,-33
16823,-35,-25,-12
16824,-35,-25,-12
16825,1,-21,9
16826,-14,-2,23
16827,-14,-2,23
16828,-3,-65,-29
16829,14,5,-4
16830,14,5,-4
16831,9,18,-31
16832,9,18,-31
16833,22,26,9
16834,23,-13,7
16835,23,-13,7
16836,-18,-26,-38
16837,35,67,57
16838,35,67,57
16839,11,-31,2
16840,11,-31,2
16841,11,-3,-23
16842,7,9,-2
16843,7,9,-2
16844,15,-2,38
16845,-32,16,8
16846,-32,16,8
16847,-44,-54,-5
16848,-44,-54,-5
16849,-11,-22,42
16850,-28,12,-13
16851,-28,12,-13
16852,5,-21,45
16853,-12,23,11
16854,-12,23,11
16855,-5,-27,33
16856,-5,-27,33
16857,7,41,14
16858,20,-8,-21
16859,20,-8,-21
16860,36,-6,0
16861,32,-41,-44
16862,32,-41,-44
16863,12,-1,-7
16864,12,-1,-7
16865,12,-16,10
16866,1,16,-59
16867,1,16,-59
16868,-6,-17,-19
16869,-6,-17,-19
16870,-14,18,-50
16871,-12,-6,14
16872,-12,-6,14
16873,-5,1,-15
16874,-51,-10,13
16875,-51,-10,13
16876,-16,-4,9
16877,-16,-4,9
16878,26,-3,26
16879,16,30,-5
16880,16,30,-5
16881,39,-19,33
16882,76,53,47
16883,76,53,47
16884,48,-18,-7
16885,48,-18,-7
16886,-3,-34,-30
16887,2,-80,-31
16888,2,-80,-31
16889,10,31,42
16890,5,10,-26
16891,5,10,-26
16892,3,21,0
16893,3,21,0
16894,-25,-11,19
16895,-1,37,-12
16896,-1,37,-12
16897,-9,-21,8
16898,-4,9,23
16899,-4,9,23
16900,-2,-29,-72
16901,-2,-29,-72
16902,13,-13,-3
16903,-16,47,-1
16904,-16,47,-1
16905,-38,10,-2
16906,-16,27,-3
16907,-16,27,-3
16908,-34,-51,14
16909,-34,-51,14
16910,-20,-32,16
16911,-9,28,40
16912,-9,28,40
16913,10,66,-39
16914,-9,-5,-30
16915,-9,-5,-30
16916,-86,-61,-67
16917,-86,-61,-67
16918,-8,-24,-38
16919,-42,0,-16
16920,-42,0,-16
16921,-26,30,-7
16922,-30,-10,24
16923,-30,-10,24
16924,-28,-19,5
16925,-28,-19,5
16926,-12,3,4
16927,2,-41,31
16928,2,-41,31
16929,12,24,4
16930,2,16,-28
16931,2,16,-28
16932,-4,-39,28
16933,-4,-39,28
16934,9,16,35
16935,21,51,7
16936,21,51,7
16937,-4,17,-23
16938,-20,9,0
16939,-20,9,0
16940,-22,-12,-6
16941,-22,-12,-6
16942,-17,-28,-2
16943,6,48,7
16944,6,48,7
16945,2,-2,39
16946,15,0,7
16947,15,0,7
16948,-22,-6,15
16949,-22,-6,15
16950,-3,29,15
16951,5,27,-23
16952,5,27,-23
16953,-23,-7,-41
16954,21,-20,10
16955,21,-20,10
16956,-12,-16,-37
16957,-12,-16,-37
16958,-13,-19,5
16959,0,17,-23
16960,0,17,-23
16961,33,-22,23
16962,33,-22,23
16963,-9,38,5
16964,-14,-5,11
16965,-14,-5,11
16966,-14,5,37
16967,6,-2,-17
16968,6,-2,-17
16969,-6,10,-4
16970,-6,10,-4
16971,13,-13,-19
16972,25,12,-15
16973,25,12,-15
16974,-8,-10,-8
16975,-6,0,-2
16976,-6,0,-2
16977,14,-11,-30
16978,14,-11,-30
16979,1,-32,5
16980,-13,-5,-26
16981,-13,-5,-26
16982,-7,-10,-15
16983,-18,11,21
16984,-18,11,21
16985,-34,-17,23
16986,-34,-17,23
16987,35,-8,7
16988,-8,24,-3
16989,-8,24,-3
16990,-18,-23,-9
16991,-25,-17,-7
16992,-25,-17,-7
16993,-25,-14,24
16994,-25,-14,24
16995,-19,-11,-25
16996,-17,-24,-2
16997,-17,-24,-2
16998,-23,-12,-27
16999,-16,-21,-1
17000,-16,-21,-1
17001,-21,-12,8
17002,-21,-12,8
17003,-26,-14,-59
17004,-25,13,-9
17005,-25,13,-9
17006,-43,4,-12
17007,0,32,-2
17008,0,32,-2
17009,11,-5,-8
17010,11,-5,-8
17011,-42,-7,-11
17012,-1,8,-8
17013,-1,8,-8
17014,-3,-6,-11
17015,25,15,-4
17016,25,15,-4
17017,10,6,28
17018,10,6,28
17019,-6,20,-1
17020,-2,5,6
17021,-2,5,6
17022,-39,12,4
17023,-34,-34,-5
17024,-34,-34,-5
17025,-26,-10,12
17026,-26,-10,12
17027,-29,-14,-6
17028,-10,-11,4
17029,-10,-11,4
17030,-49,-48,5
17031,-8,-39,-18
17032,-8,-39,-18
17033,-2,25,-6
17034,-2,25,-6
17035,-10,-9,-1
17036,32,29,2
17037,32,29,2
17038,17,-26,18
17039,-2,8,10
17040,-2,8,10
17041,-11,33,4
17042,-11,33,4
17043,-8,30,-3
17044,17,8,23
17045,17,8,23
17046,-5,-11,-4
17047,-5,-11,-4
17048,-11,-36,8
17049,12,-15,22
17050,12,-15,22
17051,-1,-31,-24
17052,13,-3,19
17053,13,-3,19
17054,6,-3,33
17055,6,-3,33
17056,25,21,-12
17057,-28,-5,7
17058,-28,-5,7
17059,3,37,8
17060,7,-26,46
17061,7,-26,46
17062,-25,42,-41
17063,-25,42,-41
17064,-19,-26,10
17065,0,20,-34
17066,0,20,-34
17067,-63,8,-13
17068,-17,13,5
17069,-17,13,5
17070,-41,-15,3
17071,-41,-15,3
17072,-5,8,-1
17073,24,12,-12
17074,24,12,-12
17075,-17,4,-62
17076,-14,-14,-9
17077,-14,-14,-9
17078,-39,0,-25
17079,-39,0,-25
17080,0,8,-18
17081,4,-9,16
17082,4,-9,16
17083,-29,-13,6
17084,-16,-10,2
17085,-16,-10,2
17086,-11,6,-19
17087,-11,6,-19
17088,-24,29,29
17089,6,27,-23
17090,6,27,-23
17091,3,-11,-33
17092,37,-16,-15
17093,37,-16,-15
17094,38,-58,-30
17095,38,-58,-30
17096,-11,-37,13
17097,-1,-19,19
17098,-1,-19,19
17099,-20,-32,-20
17100,-26,-8,-22
17101,-26,-8,-22
17102,-4,11,29
17103,-4,11,29
17104,-26,-1,-13
17105,-10,40,-26
17106,-10,40,-26
17107,-24,29,50
17108,-35,25,-36
17109,-35,25,-36
17110,13,-14,-19
17111,13,-14,-19
17112,-24,-8,-14
17113,-10,-18,2
17114,-10,-18,2
17115,-48,-22,40
17116,-43,-27,18
17117,-43,-27,18
17118,-19,-39,11
17119,-19,-39,11
17120,-3,-61,-4
17121,3,-15,51
17122,3,-15,51
17123,-3,-6,-34
17124,-13,-4,22
17125,-13,-4,22
17126,-24,10,8
17127,-24,10,8
17128,-21,-14,0
17129,-6,37,17
17130,-6,37,17
17131,1,24,-18
17132,1,24,-18
17133,-7,-26,-5
17134,-8,22,-6
17135,-8,22,-6
17136,-15,-6,-20
17137,-16,-12,13
17138,-16,-12,13
17139,-3,-1,-21
17140,-3,-1,-21
17141,-10,-3,-20
17142,-14,-27,15
17143,-14,-27,15
17144,1,-34,-18
17145,-22,-13,-10
17146,-22,-13,-10
17147,-22,-9,-8
17148,-22,-9,-8
17149,-6,15,14
17150,1,-22,13
17151,1,-22,13
17152,-27,25,8
17153,-28,-17,26
17154,-28,-17,26
17155,7,16,5
17156,7,16,5
17157,-4,4,-13
17158,-27,29,22
17159,-27,29,22
17160,-2,-26,34
17161,16,-24,-14
17162,16,-24,-14
17163,4,-31,-13
17164,4,-31,-13
17165,-39,-3,-51
17166,5,-15,-10
17167,5,-15,-10
17168,0,11,2
17169,-35,-12,40
17170,-35,-12,40
17171,15,33,49
17172,15,33,49
17173,-24,-14,17
17174,20,6,55
17175,20,6,55
17176,21,-27,-40
17177,23,-19,-34
17178,23,-19,-34
17179,-3,-4,-20
17180,-3,-4,-20
17181,-16,30,7
17182,6,1,38
17183,6,1,38
17184,-1,-2,-25
17185,-14,-9,5
17186,-14,-9,5
17187,-35,22,-8
17188,-35,22,-8
17189,-38,-13,-26
17190,-4,-60,-31
17191,-4,-60,-31
17192,-15,19,11
17193,18,-23,-2
17194,18,-23,-2
17195,1,-16,-7
17196,1,-16,-7
17197,16,3,-22
17198,-2,3,0
17199,-2,3,0
17200,-22,19,-19
17201,-13,-31,-22
17202,-13,-31,-22
17203,5,-35,5
17204,5,-35,5
17205,-18,-15,0
17206,8,2,21
17207,8,2,21
17208,16,6,-14
17209,-10,-5,-34
17210,-10,-5,-34
17211,-39,31,19
17212,-39,31,19
17213,-19,19,-9
17214,-9,-20,21
17215,-9,-20,21
17216,-12,-6,10
17217,-12,-6,10
17218,-51,21,-19
17219,-11,-20,10
17220,-11,-20,10
17221,-13,5,11
17222,-21,-23,-5
17223,-21,-23,-5
17224,-1,-41,-42
17225,-1,-41,-42
17226,-49,-21,-26
17227,-52,13,-21
17228,-52,13,-21
17229,18,4,9
17230,-2,-49,-13
17231,-2,-49,-13
17232,-5,26,-11
17233,-5,26,-11
17234,-29,7,0
17235,11,30,41
17236,11,30,41
17237,3,11,1
17238,-17,-21,-4
17239,-17,-21,-4
17240,7,-3,-6
17241,7,-3,-6
17242,14,-14,-45
17243,10,-40,-8
17244,10,-40,-8
17245,1,10,-14
17246,6,-36,-23
17247,6,-36,-23
17248,5,23,-10
17249,5,23,-10
17250,-32,-20,3
17251,-10,-14,42
17252,-10,-14,42
17253,-34,-50,-5
17254,-3,-1,25
17255,-3,-1,25
17256,13,-6,-11
17257,13,-6,-11
17258,20,40,-28
17259,-24,-19,1
17260,-24,-19,1
17261,-5,-21,27
17262,-1,-12,53
17263,-1,-12,53
17264,15,-19,29
17265,15,-19,29
17266,2,20,7
17267,-13,3,-21
17268,-13,3,-21
17269,-20,9,-16
17270,-14,18,17
17271,-14,18,17
17272,35,-10,4
17273,35,-10,4
17274,-18,-15,24
17275,-2,-19,-36
17276,-2,-19,-36
17277,7,12,-26
17278,-3,-19,16
17279,-3,-19,16
17280,-12,34,24
17281,-12,34,24
17282,-37,27,7
17283,-13,39,-56
17284,-13,39,-56
17285,-6,5,-4
17286,13,31,33
17287,13,31,33
17288,4,-53,-19
17289,4,-53,-19
17290,3,-25,-5
17291,4,-12,-9
17292,4,-12,-9
17293,0,1,19
17294,-9,36,-17
17295,-9,36,-17
17296,-17,-66,-5
17297,-17,-66,-5
17298,-21,3,17
17299,3,-52,-9
17300,3,-52,-9
17301,17,34,4
17302,17,34,4
17303,-10,-39,-34
17304,23,40,8
17305,23,40,8
17306,-8,-23,6
17307,6,31,-20
17308,6,31,-20
17309,8,-9,-22
17310,8,-9,-22
17311,5,-10,7
17312,23,-7,49
17313,23,-7,49
17314,18,-3,30
17315,-8,-11,24
17316,-8,-11,24
17317,13,-31,11
17318,13,-31,11
17319,8,30,-40
17320,-8,15,-29
17321,-8,15,-29
17322,1,47,-24
17323,17,3,-35
17324,17,3,-35
17325,-6,29,9
17326,-6,29,9
17327,-2,5,-23
17328,11,7,-6
17329,11,7,-6
17330,-7,17,-16
17331,4,-17,-9
17332,4,-17,-9
17333,5,-22,12
17334,5,-22,12
17335,5,25,33
17336,-30,-23,-10
17337,-30,-23,-10
17338,-25,48,9
17339,-19,0,-16
17340,-19,0,-16
17341,14,12,-2
17342,14,12,-2
17343,-4,-6,-55
17344,-8,-9,-14
17345,-8,-9,-14
17346,-30,3,3
17347,7,-3,11
17348,7,-3,11
17349,2,-2,12
17350,2,-2,12
17351,10,2,40
17352,5,-17,-40
17353,5,-17,-40
17354,3,-17,-4
17355,3,19,-15
17356,3,19,-15
17357,-15,-8,48
17358,-15,-8,48
17359,-17,23,3
17360,-25,-19,-19
17361,-25,-19,-19
17362,-19,-3,7
17363,-17,-1,-15
17364,-17,-1,-15
17365,-5,-12,-17
17366,-5,-12,-17
17367,-20,17,-17
17368,-21,-21,-16
17369,-21,-21,-16
17370,-4,11,11
17371,5,12,-18
17372,5,12,-18
17373,-17,-18,-16
17374,-17,-18,-16
17375,8,-29,2
17376,5,6,3
17377,5,6,3
17378,0,23,4
17379,16,18,6
17380,16,18,6
17381,21,19,16
17382,21,19,16
17383,35,-11,43
17384,6,0,-45
17385,6,0,-45
17386,1,9,-20
17387,1,9,-20
17388,12,26,-19
17389,9,-9,0
17390,9,-9,0
17391,1,33,-22
17392,-11,-34,-73
17393,-11,-34,-73
17394,15,2,-7
17395,15,2,-7
17396,15,25,-58
17397,15,-20,-22
17398,15,-20,-22
17399,0,46,-16
17400,-12,11,-11
17401,-12,11,-11
17402,-1,-2,-21
17403,-1,-2,-21
17404,16,-6,-61
17405,23,-11,-23
17406,23,-11,-23
17407,12,-3,-3
17408,-2,-13,15
17409,-2,-13,15
17410,-19,-12,20
17411,-19,-12,20
17412,4,-2,15
17413,18,-20,58
17414,18,-20,58
17415,26,-9,32
17416,20,0,5
17417,20,0,5
17418,-20,-11,-26
17419,-20,-11,-26
17420,-12,3,22
17421,-20,32,30
17422,-20,32,30
17423,6,16,30
17424,15,4,-11
17425,15,4,-11
17426,14,30,64
17427,14,30,64
17428,27,36,2
17429,-12,-25,7
17430,-12,-25,7
17431,6,2,14
17432,-11,-50,14
17433,-11,-50,14
17434,-2,-8,5
17435,-2,-8,5
17436,-15,-23,-36
17437,-27,2,-41
17438,-27,2,-41
17439,1,-43,41
17440,16,20,-38
17441,16,20,-38
17442,-3,13,1
17443,-3,13,1
17444,-8,-20,-8
17445,0,12,-41
17446,0,12,-41
17447,30,26,-2
17448,3,-39,-26
17449,3,-39,-26
17450,9,18,-28
17451,9,18,-28
17452,28,9,-30
17453,-4,3,44
17454,-4,3,44
17455,-6,-42,16
17456,30,-23,4
17457,30,-23,4
17458,10,-9,-34
17459,10,-9,-34
17460,-4,-18,9
17461,15,17,2
17462,15,17,2
17463,2,9,-10
17464,11,5,14
17465,11,5,14
17466,-23,-4,-9
17467,-23,-4,-9
17468,6,7,33
17469,-6,-4,2
17470,-6,-4,2
17471,-3,-11,-1
17472,15,7,-13
17473,15,7,-13
17474,-5,24,-27
17475,-5,24,-27
17476,8,-8,-24
17477,-31,-16,8
17478,-31,-16,8
17479,25,-59,32
17480,25,-59,32
17481,34,-28,10
17482,-4,3,10
17483,-4,3,10
17484,-12,-5,17
17485,13,10,-9
17486,13,10,-9
17487,21,-19,-24
17488,21,-19,-24
17489,43,32,-30
17490,-10,0,19
17491,-10,0,19
17492,-20,-5,15
17493,-21,25,19
17494,-21,25,19
17495,-28,-6,17
17496,-28,-6,17
17497,-6,2,48
17498,3,-15,-18
17499,3,-15,-18
17500,-22,-11,17
17501,-1,-5,-5
17502,-1,-5,-5
17503,-21,-22,25
17504,-21,-22,25
17505,28,21,-6
17506,8,-23,-13
17507,8,-23,-13
17508,-14,33,53
17509,-39,-12,4
17510,-39,-12,4
17511,-5,45,-28
17512,-5,45,-28
17513,9,-4,9
17514,7,7,30
17515,7,7,30
17516,-15,-19,-27
17517,18,5,-34
17518,18,5,-34
17519,-1,-24,-59
17520,-1,-24,-59
17521,12,38,-13
17522,-8,10,-10
17523,-8,10,-10
17524,6,-2,55
17525,-10,-15,-13
17526,-10,-15,-13
17527,1,-19,27
17528,1,-19,27
17529,0,-8,53
17530,-12,66,9
17531,-12,66,9
17532,2,-19,-28
17533,-5,20,-5
17534,-5,20,-5
17535,-7,16,20
17536,-7,16,20
17537,3,-2,-1
17538,-17,-7,10
17539,-17,-7,10
17540,20,31,-49
17541,32,-7,-50
17542,32,-7,-50
17543,-13,-8,-17
17544,-13,-8,-17
17545,-13,27,-38
17546,-9,-4,26
17547,-9,-4,26
17548,-21,9,-9
17549,-18,-13,-13
17550,-18,-13,-13
17551,0,23,-40
17552,0,23,-40
17553,21,-35,4
17554,-11,15,-5
17555,-11,15,-5
17556,-26,-22,-16
17557,-6,26,-14
17558,-6,26,-14
17559,11,17,11
17560,11,17,11
17561,1,-2,-9
17562,-5,3,-4
17563,-5,3,-4
17564,5,8,-30
17565,5,8,-30
17566,23,-4,-19
17567,5,-3,-18
17568,5,-3,-18
17569,-6,17,-7
17570,12,-9,-5
17571,12,-9,-5
17572,-22,-23,-16
17573,-22,-23,-16
17574,-25,-54,4
17575,13,-16,22
17576,13,-16,22
17577,-40,-26,30
17578,-3,-4,1
17579,-3,-4,1
17580,-4,-4,-27
17581,-4,-4,-27
17582,-10,-12,12
17583,5,-43,6
17584,5,-43,6
17585,9,-5,1
17586,28,20,-10
17587,28,20,-10
17588,-15,40,-48
17589,-15,40,-48
17590,-5,-3,8
17591,27,28,-51
17592,27,28,-51
17593,-29,-67,9
17594,15,48,33
17595,15,48,33
17596,-17,-38,29
17597,-17,-38,29
17598,-12,28,-4
17599,-5,-62,-27
17600,-5,-62,-27
17601,-2,43,23
17602,0,-16,-13
17603,0,-16,-13
17604,-11,15,-38
17605,-11,15,-38
17606,-26,-6,44
17607,11,34,47
17608,11,34,47
17609,-19,-33,21
17610,20,-9,1
17611,20,-9,1
17612,9,-10,18
17613,9,-10,18
17614,3,-20,19
17615,-12,6,16
17616,-12,6,16
17617,-8,-4,-32
17618,-9,-43,-3
17619,-9,-43,-3
17620,1,35,26
17621,1,35,26
17622,-9,-35,54
17623,11,20,8
17624,11,20,8
17625,8,-19,6
17626,19,22,21
17627,19,22,21
17628,12,-6,-66
17629,12,-6,-66
17630,20,37,-1
17631,25,-47,58
17632,25,-47,58
17633,5,11,12
17634,-2,-21,40
17635,-2,-21,40
17636,9,26,12
17637,9,26,12
17638,-31,-21,-14
17639,-22,-35,15
17640,-22,-35,15
17641,-43,-20,8
17642,-8,3,-10
17643,-8,3,-10
17644,28,-25,-57
17645,28,-25,-57
17646,23,-30,-17
17647,-1,19,8
17648,-1,19,8
17649,-15,39,-21
17650,-15,39,-21
17651,10,46,-9
17652,10,58,23
17653,10,58,23
17654,-21,18,-8
17655,31,-37,-2
17656,31,-37,-2
17657,-2,-40,-3
17658,-2,-40,-3
17659,16,-33,14
17660,1,-7,-4
17661,1,-7,-4
17662,-1,19,-38
17663,0,20,-17
17664,0,20,-17
17665,-6,30,6
17666,-6,30,6
17667,-2,-3,42
17668,-25,19,27
17669,-25,19,27
17670,-16,-11,3
17671,-9,25,-16
17672,-9,25,-16
17673,-7,13,-40
17674,-7,13,-40
17675,-10,-25,-47
17676,13,-2,-27
17677,13,-2,-27
17678,-2,22,-9
17679,41,31,-23
17680,41,31,-23
17681,29,25,-46
17682,29,25,-46
17683,7,5,-21
17684,20,5,31
17685,20,5,31
17686,-27,-20,44
17687,-30,-8,-5
17688,-30,-8,-5
17689,-10,-29,-32
17690,-10,-29,-32
17691,-12,0,-43
17692,-19,15,17
17693,-19,15,17
17694,-6,13,-35
17695,35,15,-8
17696,35,15,-8
17697,20,10,-10
17698,20,10,-10
17699,28,13,20
17700,24,-1,-18
17701,24,-1,-18
17702,17,-20,-4
17703,47,26,16
17704,47,26,16
17705,28,20,38
17706,28,20,38
17707,-28,24,8
17708,-24,-20,11
17709,-24,-20,11
17710,-32,12,-22
17711,23,-34,-18
17712,23,-34,-18
17713,32,28,6
17714,32,28,6
17715,19,4,-61
17716,-10,18,-6
17717,-10,18,-6
17718,-9,-29,33
17719,-4,-28,36
17720,-4,-28,36
17721,11,-7,20
17722,11,-7,20
17723,-6,21,-35
17724,-20,-9,14
17725,-20,-9,14
17726,17,42,-18
17727,6,14,9
17728,6,14,9
17729,18,15,-18
17730,18,15,-18
17731,-2,-6,2
17732,25,27,22
17733,25,27,22
17734,-21,-20,16
17735,-21,-20,16
17736,7,21,19
17737,40,-30,-26
17738,40,-30,-26
17739,-6,-31,-24
17740,5,10,-74
17741,5,10,-74
17742,15,39,-29
17743,15,39,-29
17744,2,-4,-53
17745,28,-5,-17
17746,28,-5,-17
17747,9,-21,-57
17748,1,25,-17
17749,1,25,-17
17750,14,6,1
17751,14,6,1
17752,19,-25,7
17753,15,-31,30
17754,15,-31,30
17755,27,7,9
17756,5,-9,7
17757,5,-9,7
17758,29,28,-13
17759,29,28,-13
17760,22,-26,2
17761,33,3,-7
17762,33,3,-7
17763,-4,-5,-24
17764,-40,34,2
17765,-40,34,2
17766,4,29,-25
17767,4,29,-25
17768,4,0,-9
17769,-21,2,6
17770,-21,2,6
17771,19,-16,-22
17772,7,-6,-26
17773,7,-6,-26
17774,15,6,4
17775,15,6,4
17776,15,-2,15
17777,8,-16,14
17778,8,-16,14
17779,21,11,19
17780,22,-21,-16
17781,22,-21,-16
17782,28,22,6
17783,28,22,6
17784,2,-16,23
17785,-12,35,16
17786,-12,35,16
17787,-9,0,9
17788,-17,32,-34
17789,-17,32,-34
17790,27,7,-32
17791,27,7,-32
17792,52,-11,0
17793,3,-27,-5
17794,3,-27,-5
17795,47,-17,-15
17796,15,8,-40
17797,15,8,-40
17798,-8,35,5
17799,-8,35,5
17800,-8,-13,-7
17801,-1,-26,19
17802,-1,-26,19
17803,-9,-5,-11
17804,1,-1,7
17805,1,-1,7
17806,24,12,-58
17807,24,12,-58
17808,0,13,40
17809,-17,3,53
17810,-17,3,53
17811,24,11,9
17812,-11,-18,-6
17813,-11,-18,-6
17814,18,-7,-14
17815,18,-7,-14
17816,19,35,14
17817,-11,9,-15
17818,-11,9,-15
17819,7,10,-46
17820,7,10,-46
17821,-28,14,33
17822,-34,8,-31
17823,-34,8,-31
17824,-29,8,3
17825,-28,3,33
17826,-28,3,33
17827,-9,29,-31
17828,-9,29,-31
17829,-9,5,-7
17830,28,-12,16
17831,28,-12,16
17832,7,-15,-32
17833,-12,-18,11
17834,-12,-18,11
17835,12,18,17
17836,12,18,17
17837,-3,6,-6
17838,8,2,-32
17839,8,2,-32
17840,-7,26,-8
17841,-9,5,-19
17842,-9,5,-19
17843,26,-9,22
17844,26,-9,22
17845,29,15,-1
17846,10,-19,-19
17847,10,-19,-19
17848,9,-11,-1
17849,14,-32,29
17850,14,-32,29
17851,8,4,-15
17852,8,4,-15
17853,-28,45,-4
17854,-13,-13,5
17855,-13,-13,5
17856,-11,-28,17
17857,-9,8,10
17858,-9,8,10
17859,-29,13,-7
17860,-29,13,-7
17861,-30,-16,-55
17862,-15,55,-30
17863,-15,55,-30
17864,-2,-162,-3
17865,-4,182,-9
17866,-4,182,-9
17867,-2,-115,-10
17868,-2,-115,-10
17869,5,116,22
17870,0,-87,53
17871,0,-87,53
17872,-14,14,30
17873,-19,-111,-9
17874,-19,-111,-9
17875,-28,55,-15
17876,-28,55,-15
17877,-23,-56,-20
17878,13,21,4
17879,13,21,4
17880,5,29,-13
17881,9,10,43
17882,9,10,43
17883,17,54,30
17884,17,54,30
17885,-35,-49,-37
17886,13,37,-17
17887,13,37,-17
17888,5,-57,-14
17889,-25,26,4
17890,-25,26,4
17891,2,26,6
17892,2,26,6
17893,-16,16,-30
17894,-12,-58,21
17895,-12,-58,21
17896,-20,5,23
17897,-23,-24,-1
17898,-23,-24,-1
17899,-9,2,-30
17900,-9,2,-30
17901,11,-28,-10
17902,-10,31,26
17903,-10,31,26
17904,47,-38,14
17905,47,-38,14
17906,5,10,14
17907,-5,-8,-18
17908,-5,-8,-18
17909,24,66,-13
17910,-4,-16,-45
17911,-4,-16,-45
17912,7,30,20
17913,7,30,20
17914,-22,-26,54
17915,-10,11,15
17916,-10,11,15
17917,-10,-19,-14
17918,12,-9,44
17919,12,-9,44
17920,9,13,12
17921,9,13,12
17922,-33,-22,6
17923,-8,9,22
17924,-8,9,22
17925,-11,-43,-7
17926,-7,-10,-6
17927,-7,-10,-6
17928,23,3,14
17929,23,3,14
17930,-25,24,-33
17931,-2,-15,-11
17932,-2,-15,-11
17933,-14,-19,2
17934,-33,-28,22
17935,-33,-28,22
17936,-16,-26,3
17937,-16,-26,3
17938,27,16,-29
17939,3,-21,18
17940,3,-21,18
17941,36,18,41
17942,-2,6,21
17943,-2,6,21
17944,-38,7,-14
17945,-38,7,-14
17946,-25,26,-6
17947,-12,-13,29
17948,-12,-13,29
17949,12,-4,-22
17950,-2,-1,-10
17951,-2,-1,-10
17952,-2,33,23
17953,-2,33,23
17954,28,-19,-19
17955,-1,22,-24
17956,-1,22,-24
17957,-26,-1,-7
17958,7,7,-18
17959,7,7,-18
17960,14,-46,29
17961,14,-46,29
17962,-27,23,-19
17963,-40,-11,13
17964,-40,-11,13
17965,-35,31,62
17966,-2,1,-11
17967,-2,1,-11
17968,-20,-10,31
17969,-20,-10,31
17970,-24,-20,-40
17971,9,21,-44
17972,9,21,-44
17973,16,-1,-23
17974,-22,20,-6
17975,-22,20,-6
17976,-28,6,-6
17977,-28,6,-6
17978,-20,26,22
17979,-42,25,-7
17980,-42,25,-7
17981,-2,-38,55
17982,7,-34,-5
17983,7,-34,-5
17984,-27,-13,-12
17985,-27,-13,-12
17986,5,22,-28
17987,-11,1,-28
17988,-11,1,-28
17989,-22,26,-26
17990,-18,-4,-3
17991,-18,-4,-3
17992,-27,38,0
17993,-27,38,0
17994,-16,2,26
17995,-5,32,36
17996,-5,32,36
17997,-24,14,40
17998,-24,14,40
17999,-13,-5,12
18000,-23,-35,49
18001,-23,-35,49
18002,-23,49,-48
18003,-9,-32,8
18004,-9,-32,8
18005,-2,-2,10
18006,-2,-2,10
18007,3,-63,-17
18008,8,52,36
18009,8,52,36
18010,-19,-36,37
18011,-10,25,27
18012,-10,25,27
18013,5,-40,58
18014,5,-40,58
18015,5,17,-28
18016,-17,14,41
18017,-17,14,41
18018,9,64,17
18019,-6,-21,27
18020,-6,-21,27
18021,14,-1,10
18022,14,-1,10
18023,-16,7,-15
18024,-32,26,35
18025,-32,26,35
18026,-36,0,-17
18027,-12,14,-1
18028,-12,14,-1
18029,7,-23,33
18030,7,-23,33
18031,37,-4,22
18032,-10,-1,5
18033,-10,-1,5
18034,14,21,-6
18035,3,-30,28
18036,3,-30,28
18037,-3,41,-14
18038,-3,41,-14
18039,-22,24,-43
18040,-40,9,-37
18041,-40,9,-37
18042,-11,-21,-24
18043,-28,6,-12
18044,-28,6,-12
18045,-17,-30,-11
18046,-17,-30,-11
18047,20,-13,-28
18048,55,-31,-17
18049,55,-31,-17
18050,21,17,24
18051,9,-32,-29
18052,9,-32,-29
18053,4,13,46
18054,4,13,46
18055,-22,-6,25
18056,-17,-32,20
18057,-17,-32,20
18058,-38,5,8
18059,0,10,1
18060,0,10,1
18061,-26,14,37
18062,-26,14,37
18063,-25,-16,-42
18064,4,-10,-10
18065,4,-10,-10
18066,7,-17,1
18067,37,-4,6
18068,37,-4,6
18069,17,-1,30
18070,17,-1,30
18071,-35,-8,-16
18072,2,-9,-24
18073,2,-9,-24
18074,-4,-20,9
18075,20,-5,-6
18076,20,-5,-6
18077,-18,-10,3
18078,-18,-10,3
18079,-49,2,-10
18080,-21,-17,-4
18081,-21,-17,-4
18082,21,21,-26
18083,21,21,-26
18084,-24,8,5
18085,0,16,-7
18086,0,16,-7
18087,-3,52,11
18088,-18,22,-11
18089,-18,22,-11
18090,-4,4,17
18091,-4,4,17
18092,12,-24,14
18093,-15,-10,18
18094,-15,-10,18
18095,4,-5,48
18096,24,-10,21
18097,24,-10,21
18098,-7,-17,20
18099,-7,-17,20
18100,-27,-26,-18
18101,-18,13,-2
18102,-18,13,-2
18103,-4,19,-27
18104,-4,2,-4
18105,-4,2,-4
18106,-22,6,-5
18107,-22,6,-5
18108,7,12,33
18109,-1,-24,28
18110,-1,-24,28
18111,30,-14,21
18112,6,-18,24
18113,6,-18,24
18114,-12,-9,-20
18115,-12,-9,-20
18116,-21,-26,-18
18117,-43,-2,-21
18118,-43,-2,-21
18119,-17,-20,39
18120,32,-7,35
18121,32,-7,35
18122,28,9,30
18123,28,9,30
18124,28,21,-3
18125,11,22,0
18126,11,22,0
18127,1,3,53
18128,3,-3,11
18129,3,-3,11
18130,29,33,-9
18131,29,33,-9
18132,15,-4,-26
18133,35,-18,26
18134,35,-18,26
18135,-8,25,23
18136,-24,-31,-5
18137,-24,-31,-5
18138,-8,25,27
18139,-8,25,27
18140,-8,16,-18
18141,1,8,-10
18142,1,8,-10
18143,10,-5,1
18144,16,15,-38
18145,16,15,-38
18146,-9,-4,-22
18147,-9,-4,-22
18148,-12,-2,6
18149,-7,-20,23
18150,-7,-20,23
18151,-12,8,3
18152,-2,9,-49
18153,-2,9,-49
18154,11,20,-41
18155,11,20,-41
18156,4,-28,28
18157,-32,15,-39
18158,-32,15,-39
18159,-27,-24,-26
18160,12,5,-25
18161,12,5,-25
18162,-16,-36,8
18163,-16,-36,8
18164,-16,11,-9
18165,-11,7,5
18166,-11,7,5
18167,1,28,52
18168,1,28,52
18169,-34,-10,-35
18170,-32,-13,6
18171,-32,-13,6
18172,-7,20,37
18173,-6,16,15
18174,-6,16,15
18175,-30,28,-6
18176,-30,28,-6
18177,-2,6,9
18178,-5,12,45
18179,-5,12,45
18180,-27,3,-6
18181,3,4,-30
18182,3,4,-30
18183,-29,12,-9
18184,-29,12,-9
18185,9,-9,-24
18186,-12,-19,-13
18187,-12,-19,-13
18188,-19,-8,25
18189,-34,-22,23
18190,-34,-22,23
18191,-30,-22,51
18192,-30,-22,51
18193,-16,0,38
18194,-18,23,-32
18195,-18,23,-32
18196,-41,-10,25
18197,-4,-16,-41
18198,-4,-16,-41
18199,2,-27,4
18200,2,-27,4
18201,-4,13,13
18202,-23,-3,-17
18203,-23,-3,-17
18204,-23,26,16
18205,-10,-32,4
18206,-10,-32,4
18207,-28,13,-23
18208,-28,13,-23
18209,7,-18,-10
18210,22,-6,13
18211,22,-6,13
18212,3,-43,11
18213,2,10,-27
18214,2,10,-27
18215,-29,-50,6
18216,-29,-50,6
18217,-15,37,53
18218,-21,-26,48
18219,-21,-26,48
18220,4,-16,68
18221,1,-18,-7
18222,1,-18,-7
18223,-6,35,22
18224,-6,35,22
18225,-7,-14,-6
18226,-15,-1,-6
18227,-15,-1,-6
18228,-16,5,19
18229,-7,21,16
18230,-7,21,16
18231,16,26,-3
18232,16,26,-3
18233,-37,1,23
18234,-17,-7,50
18235,-17,-7,50
18236,-3,-54,42
18237,46,7,15
18238,46,7,15
18239,34,29,-13
18240,34,29,-13
18241,-23,-25,-33
18242,31,27,7
18243,31,27,7
18244,13,11,18
18245,-10,52,-7
18246,-10,52,-7
18247,-18,-25,-29
18248,-18,-25,-29
18249,-2,79,-33
18250,-10,-56,0
18251,-10,-56,0
18252,6,25,-35
18253,6,25,-35
18254,-28,-64,-18
18255,2,43,-8
18256,2,43,-8
18257,-4,-68,75
18258,-5,57,-14
18259,-5,57,-14
18260,-15,-75,-8
18261,-15,-75,-8
18262,21,41,11
18263,17,-26,-7
18264,17,-26,-7
18265,-14,11,-2
18266,-30,8,9
18267,-30,8,9
18268,-11,54,-31
18269,-11,54,-31
18270,-19,-21,13
18271,22,47,9
18272,22,47,9
18273,-14,-29,-15
18274,12,50,-4
18275,12,50,-4
18276,-6,-9,5
18277,-6,-9,5
18278,10,48,19
18279,-9,-42,-16
18280,-9,-42,-16
18281,-5,5,-11
18282,-12,-67,13
18283,-12,-67,13
18284,-17,28,-4
18285,-17,28,-4
18286,-10,-2,-44
18287,14,34,-31
18288,14,34,-31
18289,0,-13,-30
18290,-49,49,-7
18291,-49,49,-7
18292,0,6,-21
18293,0,6,-21
18294,-19,3,-14
18295,8,-35,-40
18296,8,-35,-40
18297,0,2,-22
18298,-18,39,-45
18299,-18,39,-45
18300,8,29,-17
18301,8,29,-17
18302,7,7,40
18303,-19,-41,55
18304,-19,-41,55
18305,32,31,-8
18306,33,-11,30
18307,33,-11,30
18308,0,-15,23
18309,0,-15,23
18310,-22,-2,36
18311,-17,3,-16
18312,-17,3,-16
18313,0,-22,-17
18314,-30,3,5
18315,-30,3,5
18316,-10,-37,27
18317,-10,-37,27
18318,6,6,-58
18319,-5,-28,-1
18320,-5,-28,-1
18321,-2,27,6
18322,-5,-29,62
18323,-5,-29,62
18324,11,30,11
18325,11,30,11
18326,3,-11,2
18327,3,4,-14
18328,3,4,-14
18329,11,-57,-3
18330,-32,30,14
18331,-32,30,14
18332,-11,-15,9
18333,-11,-15,9
18334,-18,49,8
18335,-20,13,-19
18336,-20,13,-19
18337,-39,33,12
18338,-39,33,12
18339,-47,-15,-47
18340,-29,12,-56
18341,-29,12,-56
18342,-12,22,-15
18343,-8,-2,9
18344,-8,-2,9
18345,11,-3,-4
18346,11,-3,-4
18347,-61,11,25
18348,0,-22,-31
18349,0,-22,-31
18350,30,34,-3
18351,-8,32,-3
18352,-8,32,-3
18353,-17,-23,-62
18354,-17,-23,-62
18355,6,4,-26
18356,0,-7,-34
18357,0,-7,-34
18358,-2,46,6
18359,-10,10,-35
18360,-10,10,-35
18361,20,14,-44
18362,20,14,-44
18363,10,-10,25
18364,6,34,3
18365,6,34,3
18366,-12,4,-11
18367,-31,25,2
18368,-31,25,2
18369,-26,-22,-11
18370,-26,-22,-11
18371,-45,9,-14
18372,-17,6,-8
18373,-17,6,-8
18374,-17,71,14
18375,1,29,-36
18376,1,29,-36
18377,29,32,-72
18378,29,32,-72
18379,13,1,20
18380,12,8,0
18381,12,8,0
18382,8,-25,1
18383,20,-11,-5
18384,20,-11,-5
18385,-18,-25,3
18386,-18,-25,3
18387,6,29,-38
18388,-34,-46,-33
18389,-34,-46,-33
18390,32,72,9
18391,-13,-81,-23
18392,-13,-81,-23
18393,-10,40,-32
18394,-10,40,-32
18395,2,31,-11
18396,-19,-8,-7
18397,-19,-8,-7
18398,5,22,-15
18399,-19,-18,-3
18400,-19,-18,-3
18401,-5,9,-3
18402,-5,9,-3
18403,14,-40,-40
18404,9,84,1
18405,9,84,1
18406,20,-54,4
18407,-20,-20,9
18408,-20,-20,9
18409,-21,33,14
18410,-21,33,14
18411,-25,-45,-6
18412,-36,64,19
18413,-36,64,19
18414,2,6,12
18415,-1,84,-9
18416,-1,84,-9
18417,5,-23,-49
18418,5,-23,-49
18419,8,23,-10
18420,16,-36,0
18421,16,-36,0
18422,5,7,29
18423,5,7,29
18424,-16,-35,-14
18425,31,20,-2
18426,31,20,-2
18427,-1,19,-33
18428,-6,-19,-31
18429,-6,-19,-31
18430,22,68,18
18431,22,68,18
18432,3,15,16
18433,-33,52,3
18434,-33,52,3
18435,-1,-7,15
18436,-2,27,12
18437,-2,27,12
18438,25,-25,13
18439,25,-25,13
18440,16,35,-29
18441,1,-29,-9
18442,1,-29,-9
18443,12,50,-3
18444,10,19,-5
18445,10,19,-5
18446,-31,-29,-25
18447,-31,-29,-25
18448,25,-20,7
18449,1,-34,17
18450,1,-34,17
18451,-4,-43,14
18452,22,11,21
18453,22,11,21
18454,10,25,-36
18455,10,25,-36
18456,19,31,-25
18457,15,8,-17
18458,15,8,-17
18459,2,-36,-67
18460,2,-17,-12
18461,2,-17,-12
18462,27,49,-38
18463,27,49,-38
18464,35,31,15
18465,13,-11,-40
18466,13,-11,-40
18467,1,5,-59
18468,1,-7,26
18469,1,-7,26
18470,-4,-18,-5
18471,-4,-18,-5
18472,-13,49,-28
18473,0,22,-31
18474,0,22,-31
18475,-22,-17,-16
18476,25,-16,-8
18477,25,-16,-8
18478,-6,-10,-25
18479,-6,-10,-25
18480,23,-20,-2
18481,-13,-6,-6
18482,-13,-6,-6
18483,11,21,-1
18484,-23,7,26
18485,-23,7,26
18486,-32,-1,-43
18487,-32,-1,-43
18488,3,18,-30
18489,-20,3,42
18490,-20,3,42
18491,6,-7,-18
18492,-1,-41,-45
18493,-1,-41,-45
18494,12,-9,9
18495,12,-9,9
18496,-4,-1,-21
18497,3,11,-55
18498,3,11,-55
18499,-3,-9,-58
18500,-2,3,31
18501,-2,3,31
18502,-10,-1,34
18503,-10,-1,34
18504,6,18,8
18505,-21,-3,-12
18506,-21,-3,-12
18507,-16,-8,34
18508,-7,12,44
18509,-7,12,44
18510,4,-10,-39
18511,4,-10,-39
18512,13,-20,-38
18513,14,9,12
18514,14,9,12
18515,66,3,14
18516,66,3,14
18517,35,2,0
18518,-2,-4,6
18519,-2,-4,6
18520,-9,-9,37
18521,-13,8,1
18522,-13,8,1
18523,2,-7,1
18524,2,-7,1
18525,21,36,-15
18526,-3,-1,1
18527,-3,-1,1
18528,18,-23,17
18529,-9,7,32
18530,-9,7,32
18531,11,-4,20
18532,11,-4,20
18533,-17,14,18
18534,11,4,43
18535,11,4,43
18536,5,-35,-24
18537,9,32,6
18538,9,32,6
18539,16,17,-25
18540,16,17,-25
18541,-10,-3,14
18542,3,3,33
18543,3,3,33
18544,7,35,15
18545,1,-23,-5
18546,1,-23,-5
18547,-8,-16,-36
18548,-8,-16,-36
18549,13,-6,42
18550,-4,5,0
18551,-4,5,0
18552,-40,-41,-22
18553,-33,18,-1
18554,-33,18,-1
18555,0,49,17
18556,0,49,17
18557,40,75,-1
18558,34,75,26
18559,34,75,26
18560,4,40,-1
18561,43,24,-26
18562,43,24,-26
18563,-9,39,12
18564,-9,39,12
18565,-79,-136,-54
18566,-81,-129,-50
18567,-81,-129,-50
18568,10,31,30
18569,76,85,9
18570,76,85,9
18571,23,73,-18
18572,23,73,-18
18573,-1,-19,-38
18574,54,86,74
18575,54,86,74
18576,10,-10,44
18577,-1,-17,-10
18578,-1,-17,-10
18579,46,33,15
18580,46,33,15
18581,58,16,27
18582,-29,-79,-100
18583,-29,-79,-100
18584,-51,-140,-71
18585,43,159,61
18586,43,159,61
18587,45,60,38
18588,45,60,38
18589,-35,-1,-86
18590,-56,-78,-45
18591,-56,-78,-45
18592,-1,25,-7
18593,-11,-42,-53
18594,-11,-42,-53
18595,-2,17,23
18596,-2,17,23
18597,8,37,47
18598,4,-44,35
18599,4,-44,35
18600,-20,-88,-31
18601,-20,-88,-31
18602,23,64,13
18603,-1,25,61
18604,-1,25,61
18605,-38,3,28
18606,-11,17,2
18607,-11,17,2
18608,-49,-1,-10
18609,-49,-1,-10
18610,7,8,11
18611,1,1,-2
18612,1,1,-2
18613,1,-11,-50
18614,13,-5,31
18615,13,-5,31
18616,-9,8,12
18617,-9,8,12
18618,28,38,27
18619,-47,46,-3
18620,-47,46,-3
18621,-24,-47,17
18622,-22,-19,-10
18623,-22,-19,-10
18624,6,20,-24
18625,6,20,-24
18626,20,34,32
18627,0,2,17
18628,0,2,17
18629,28,-5,-23
18630,-6,-28,10
18631,-6,-28,10
18632,7,19,-6
18633,7,19,-6
18634,-13,-42,-47
18635,17,9,-31
18636,17,9,-31
18637,-9,-45,-6
18638,-30,-9,29
18639,-30,-9,29
18640,-9,11,31
18641,-9,11,31
18642,9,48,-12
18643,2,-21,-31
18644,2,-21,-31
18645,-16,-6,-25
18646,32,28,29
18647,32,28,29
18648,9,-9,71
18649,9,-9,71
18650,-28,-4,7
18651,-18,-19,64
18652,-18,-19,64
18653,16,-33,6
18654,-10,-22,-18
18655,-10,-22,-18
18656,-18,26,7
18657,-18,26,7
18658,3,-28,-2
18659,-3,13,-8
18660,-3,13,-8
18661,-28,-9,15
18662,-11,29,27
18663,-11,29,27
18664,39,-32,-37
18665,39,-32,-37
18666,36,-8,-35
18667,1,34,-13
18668,1,34,-13
18669,-1,-38,1
18670,24,11,20
18671,24,11,20
18672,25,-39,-6
18673,25,-39,-6
18674,16,-3,28
18675,9,22,42
18676,9,22,42
18677,9,15,27
18678,19,-9,-11
18679,19,-9,-11
18680,22,-16,20
18681,22,-16,20
18682,14,39,31
18683,9,10,-17
18684,9,10,-17
18685,4,40,-27
18686,4,40,-27
18687,1,-37,-54
18688,-4,-1,28
18689,-4,-1,28
18690,3,-33,17
18691,1,19,-22
18692,1,19,-22
18693,-10,-4,-15
18694,-10,-4,-15
18695,-18,-3,-24
18696,2,16,0
18697,2,16,0
18698,-40,-72,-8
18699,-4,14,0
18700,-4,14,0
18701,13,-8,17
18702,13,-8,17
18703,15,-17,2
18704,4,-8,-7
18705,4,-8,-7
18706,-19,10,-24
18707,-6,-33,-35
18708,-6,-33,-35
18709,1,14,2
18710,1,14,2
18711,-41,2,13
18712,-10,27,16
18713,-10,27,16
18714,-35,-13,1
18715,-12,16,18
18716,-12,16,18
18717,-23,14,24
18718,-23,14,24
18719,-1,-1,-3
18720,-21,-32,34
18721,-21,-32,34
18722,-1,21,35
18723,15,7,14
18724,15,7,14
18725,-24,32,10
18726,-24,32,10
18727,-34,6,29
18728,1,-35,-7
18729,1,-35,-7
18730,-25,24,-24
18731,4,-2,-47
18732,4,-2,-47
18733,15,9,-2
18734,15,9,-2
18735,-11,-25,32
18736,12,31,6
18737,12,31,6
18738,14,4,50
18739,-17,44,6
18740,-17,44,6
18741,-9,13,2
18742,-9,13,2
18743,-42,-61,-51
18744,53,77,41
18745,53,77,41
18746,-34,-71,-31
18747,-5,24,-24
18748,-5,24,-24
18749,26,-22,2
18750,26,-22,2
18751,10,-15,-35
18752,41,7,-8
18753,41,7,-8
18754,10,11,1
18755,4,13,13
18756,4,13,13
18757,-17,-6,6
18758,-17,-6,6
18759,-4,4,12
18760,9,18,34
18761,9,18,34
18762,12,24,38
18763,-52,-46,35
18764,-52,-46,35
18765,-24,6,-12
18766,-24,6,-12
18767,-19,-38,13
18768,21,15,-8
18769,21,15,-8
18770,15,-39,14
18771,15,-39,14
18772,-13,11,8
18773,-28,-44,50
18774,-28,-44,50
18775,9,-7,61
18776,12,-7,7
18777,12,-7,7
18778,3,17,22
18779,3,17,22
18780,4,-49,23
18781,39,31,77
18782,39,31,77
18783,-21,17,-5
18784,13,60,-23
18785,13,60,-23
18786,-36,-53,-35
18787,-36,-53,-35
18788,-9,38,11
18789,-43,-89,-20
18790,-43,-89,-20
18791,-11,43,-28
18792,-22,-66,30
18793,-22,-66,30
18794,9,28,8
18795,9,28,8
18796,-14,-42,-47
18797,7,2,52
18798,7,2,52
18799,-21,-33,-6
18800,-19,-12,-47
18801,-19,-12,-47
18802,-16,-20,-21
18803,-16,-20,-21
18804,-20,-5,-11
18805,-17,-22,28
18806,-17,-22,28
18807,-18,91,-21
18808,-28,-37,-38
18809,-28,-37,-38
18810,-12,-5,35
18811,-12,-5,35
18812,-8,-16,37
18813,13,18,30
18814,13,18,30
18815,1,2,22
18816,18,-8,-20
18817,18,-8,-20
18818,11,37,29
18819,11,37,29
18820,-34,-45,-11
18821,-20,-18,-38
18822,-20,-18,-38
18823,-19,-12,-22
18824,-30,48,16
18825,-30,48,16
18826,-29,-4,54
18827,-29,-4,54
18828,6,34,1
18829,-4,-18,-23
18830,-4,-18,-23
18831,-6,25,40
18832,-8,33,44
18833,-8,33,44
18834,8,21,29
18835,8,21,29
18836,-5,28,8
18837,-8,-30,15
18838,-8,-30,15
18839,-37,-15,-5
18840,-41,-8,-5
18841,-41,-8,-5
18842,-15,3,-3
18843,-15,3,-3
18844,6,33,4
18845,8,4,27
18846,8,4,27
18847,0,8,45
18848,-25,-8,3
18849,-25,-8,3
18850,-6,-11,10
18851,-6,-11,10
18852,-1,25,-14
18853,-15,-49,-40
18854,-15,-49,-40
18855,-32,-12,-20
18856,-32,-12,-20
18857,-10,-6,32
18858,-37,37,-17
18859,-37,37,-17
18860,-38,-1,-47
18861,-43,-40,-6
18862,-43,-40,-6
18863,-3,-13,-9
18864,-3,-13,-9
18865,-10,1,24
18866,-2,1,0
18867,-2,1,0
18868,-12,34,7
18869,-46,0,-30
18870,-46,0,-30
18871,-17,-13,-2
18872,-17,-13,-2
18873,9,-16,-31
18874,17,13,-37
18875,17,13,-37
18876,-41,33,-41
18877,-37,-10,1
18878,-37,-10,1
18879,-44,-3,45
18880,-44,-3,45
18881,-23,2,-26
18882,-13,8,-10
18883,-13,8,-10
18884,-18,-3,-2
18885,-14,1,-25
18886,-14,1,-25
18887,-14,-15,-25
18888,-14,-15,-25
18889,-8,-42,12
18890,8,24,12
18891,8,24,12
18892,8,-28,61
18893,-24,-11,14
18894,-24,-11,14
18895,5,-50,52
18896,5,-50,52
18897,-13,36,-60
18898,-29,21,-58
18899,-29,21,-58
18900,3,25,52
18901,-48,-12,-29
18902,-48,-12,-29
18903,4,23,-6
18904,4,23,-6
18905,4,16,1
18906,12,28,20
18907,12,28,20
18908,-24,1,50
18909,-6,-25,6
18910,-6,-25,6
18911,-12,-14,23
18912,-12,-14,23
18913,-6,25,-55
18914,-10,-25,-7
18915,-10,-25,-7
18916,12,16,-27
18917,-2,-29,-48
18918,-2,-29,-48
18919,-33,-18,47
18920,-33,-18,47
18921,-12,11,33
18922,-7,-12,6
18923,-7,-12,6
18924,-9,16,-45
18925,12,7,-18
18926,12,7,-18
18927,-3,-35,15
18928,-3,-35,15
18929,-4,-27,31
18930,0,-44,17
18931,0,-44,17
18932,7,-1,23
18933,-10,-16,-9
18934,-10,-16,-9
18935,-5,-9,39
18936,-5,-9,39
18937,8,-13,-2
18938,-18,15,-17
18939,-18,15,-17
18940,-8,3,45
18941,-8,3,45
18942,4,40,46
18943,-4,16,-31
18944,-4,16,-31
18945,-8,20,-17
18946,-5,-15,-16
18947,-5,-15,-16
18948,-10,-5,23
18949,-10,-5,23
18950,5,-14,-26
18951,-8,5,7
18952,-8,5,7
18953,14,-24,28
18954,-28,-5,-25
18955,-28,-5,-25
18956,-1,-12,33
18957,-1,-12,33
18958,4,-7,-27
18959,-24,-13,26
18960,-24,-13,26
18961,7,-3,-11
18962,-14,11,-13
18963,-14,11,-13
18964,19,-8,-73
18965,19,-8,-73
18966,-19,50,24
18967,-17,15,-11
18968,-17,15,-11
18969,25,4,11
18970,-18,21,-3
18971,-18,21,-3
18972,-24,16,49
18973,-24,16,49
18974,9,8,-24
18975,42,-22,-34
18976,42,-22,-34
18977,15,18,27
18978,-13,14,-12
18979,-13,14,-12
18980,-8,27,36
18981,-8,27,36
18982,3,-15,-25
18983,-19,-28,2
18984,-19,-28,2
18985,-24,-24,18
18986,-8,25,-6
18987,-8,25,-6
18988,-11,-55,-15
18989,-11,-55,-15
18990,-8,29,15
18991,7,-28,43
18992,7,-28,43
18993,-2,30,12
18994,-7,-13,18
18995,-7,-13,18
18996,-11,28,12
18997,-11,28,12
18998,13,-10,12
18999,-19,9,-6
19000,-19,9,-6
19001,-10,-44,-22
19002,9,-3,-22
19003,9,-3,-22
19004,8,-48,-18
19005,8,-48,-18
19006,-16,-26,-8
19007,-24,-33,-16
19008,-24,-33,-16
19009,-12,19,-18
19010,-10,-21,11
19011,-10,-21,11
19012,-30,1,-23
19013,-30,1,-23
19014,3,-11,6
19015,6,19,-36
19016,6,19,-36
19017,-28,-12,-50
19018,-26,-17,21
19019,-26,-17,21
19020,-37,-42,-26
19021,-37,-42,-26
19022,-29,41,-75
19023,-42,-38,28
19024,-42,-38,28
19025,-32,43,-4
19026,-32,43,-4
19027,1,-53,-22
19028,1,-4,-43
19029,1,-4,-43
19030,-2,16,49
19031,16,26,35
19032,16,26,35
19033,14,34,-5
19034,14,34,-5
19035,-9,1,-21
19036,-58,-1,-13
19037,-58,-1,-13
19038,-45,19,23
19039,-21,-43,54
19040,-21,-43,54
19041,16,21,-1
19042,16,21,-1
19043,15,-13,-16
19044,-14,-7,-46
19045,-14,-7,-46
19046,-32,-50,-14
19047,35,-58,74
19048,35,-58,74
19049,-31,15,-7
19050,-31,15,-7
19051,-8,-23,-63
19052,-7,33,19
19053,-7,33,19
19054,17,-33,-26
19055,8,62,-7
19056,8,62,-7
19057,-12,-14,-1
19058,-12,-14,-1
19059,11,24,39
19060,-44,-62,-21
19061,-44,-62,-21
19062,11,35,-40
19063,6,-8,-10
19064,6,-8,-10
19065,-10,20,-7
19066,-10,20,-7
19067,17,-34,-25
19068,-4,-21,-73
19069,-4,-21,-73
19070,-18,-17,0
19071,-38,7,6
19072,-38,7,6
19073,-37,16,-7
19074,-37,16,-7
19075,-27,-28,10
19076,-23,-4,-37
19077,-23,-4,-37
19078,-36,-23,-15
19079,-34,32,-21
19080,-34,32,-21
19081,-25,-16,34
19082,-25,-16,34
19083,54,26,63
19084,22,16,-16
19085,22,16,-16
19086,-114,-10,-41
19087,18,-27,32
19088,18,-27,32
19089,-11,65,65
19090,-11,65,65
19091,42,-5,24
19092,-8,59,-41
19093,-8,59,-41
19094,-58,-101,-14
19095,-5,46,16
19096,-5,46,16
19097,-47,-69,24
19098,-47,-69,24
19099,12,75,-12
19100,-8,-51,-13
19101,-8,-51,-13
19102,10,24,2
19103,30,-37,6
19104,30,-37,6
19105,-8,6,20
19106,-8,6,20
19107,8,0,22
19108,7,11,-14
19109,7,11,-14
19110,-48,-16,33
19111,-48,-16,33
19112,-52,19,-32
19113,-8,-6,-35
19114,-8,-6,-35
19115,-6,27,41
19116,2,2,-29
19117,2,2,-29
19118,-9,-21,-33
19119,-9,-21,-33
19120,-29,3,12
19121,-7,1,-22
19122,-7,1,-22
19123,1,6,-3
19124,15,1,-8
19125,15,1,-8
19126,9,-35,12
19127,9,-35,12
19128,0,-7,29
19129,-1,-24,14
19130,-1,-24,14
19131,1,-80,-48
19132,9,79,10
19133,9,79,10
19134,-33,-80,-27
19135,-33,-80,-27
19136,6,92,-13
19137,-20,-2,-11
19138,-20,-2,-11
19139,-5,-3,14
19140,-8,-14,17
19141,-8,-14,17
19142,-2,5,6
19143,-2,5,6
19144,-5,-10,-13
19145,38,-28,20
19146,38,-28,20
19147,-4,25,44
19148,4,9,5
19149,4,9,5
19150,1,-4,-3
19151,1,-4,-3
19152,26,-5,-20
19153,23,11,26
19154,23,11,26
19155,-45,17,25
19156,-26,-13,-23
19157,-26,-13,-23
19158,-14,-32,38
19159,-14,-32,38
19160,8,15,25
19161,12,-12,-23
19162,12,-12,-23
19163,5,19,-15
19164,15,-15,20
19165,15,-15,20
19166,-13,22,4
19167,-13,22,4
19168,14,-10,16
19169,23,10,26
19170,23,10,26
19171,10,-2,-35
19172,5,38,5
19173,5,38,5
19174,5,-2,-3
19175,5,-2,-3
19176,3,-12,-9
19177,-4,11,-2
19178,-4,11,-2
19179,1,33,-27
19180,8,-43,-7
19181,8,-43,-7
19182,13,-25,-2
19183,13,-25,-2
19184,-7,-7,-24
19185,12,-15,4
19186,12,-15,4
19187,-6,-23,39
19188,-4,-9,36
19189,-4,-9,36
19190,-8,-5,-14
19191,-8,-5,-14
19192,-10,2,-2
19193,37,15,37
19194,37,15,37
19195,-8,-1,7
19196,-8,-1,7
19197,18,18,-12
19198,13,5,21
19199,13,5,21
19200,-4,37,-12
19201,10,2,-20
19202,10,2,-20
19203,-16,20,-1
19204,-16,20,-1
19205,-29,-37,-18
19206,-12,27,-17
19207,-12,27,-17
19208,-25,30,-25
19209,-16,48,30
19210,-16,48,30
19211,-43,-27,-23
19212,-43,-27,-23
19213,-19,17,-14
19214,2,17,-35
19215,2,17,-35
19216,-10,-2,26
19217,22,8,-10
19218,22,8,-10
19219,-10,39,17
19220,-10,39,17
19221,-1,29,-13
19222,-8,-10,10
19223,-8,-10,10
19224,13,46,-9
19225,-26,-55,15
19226,-26,-55,15
19227,-15,-19,-3
19228,-15,-19,-3
19229,10,39,41
19230,-2,-45,-56
19231,-2,-45,-56
19232,12,59,80
19233,-8,-106,-56
19234,-8,-106,-56
19235,-9,46,14
19236,-9,46,14
19237,-40,-23,-7
19238,-9,16,-11
19239,-9,16,-11
19240,-30,-1,48
19241,23,35,-14
19242,23,35,-14
19243,-14,-68,-36
19244,-14,-68,-36
19245,-5,36,-23
19246,4,10,0
19247,4,10,0
19248,-1,-117,14
19249,21,70,32
19250,21,70,32
19251,-5,-84,-10
19252,-5,-84,-10
19253,-8,120,1
19254,1,-28,-47
19255,1,-28,-47
19256,-21,24,-51
19257,-26,-29,-25
19258,-26,-29,-25
